country,Meals,Drinks,Groceries,Fruits and Vegetables,Market Items,Cigarettes,Transport,Utilities,Entertainment and Education,Clothing and Shoes,Housing,Mortgage,Total Cost of Living
Afghanistan,7.691666666666666,1.5133333333333334,9.896666666666667,2.875,3.3083333333333336,0.9133333333333334,17975.913333333334,228.20833333333334,439.15333333333336,39.61666666666667,563.4166666666666,5.596666666666667,19278.103333333333
Albania,34.215333333333334,7.309333333333333,21.976666666666667,6.129333333333333,7.793333333333333,2.8713333333333333,27049.321333333333,96.41133333333333,1669.324,197.83399999999997,1546.1833333333334,3.9046666666666665,30643.273999999998
Algeria,17.666176470588233,4.147058823529412,21.102941176470587,7.464705882352941,7.763529411764705,1.9847058823529413,39068.51823529412,68.7664705882353,1053.1629411764707,157.5120588235294,1403.8658823529413,2.811470588235294,41814.76617647059
American Samoa,52.61,9.17,29.509999999999998,7.38,0.0,0.0,0.0,81.14,0.0,0.0,89.46,0.0,269.27
Andorra,61.10333333333333,10.086666666666666,35.36333333333334,12.659999999999998,7.78,5.883333333333333,6369.716666666666,112.13,3138.6966666666667,363.8333333333333,13033.17,2.8433333333333333,23153.266666666666
Angola,23.720000000000002,3.098,7.694,3.5840000000000005,2.414,0.4,9242.81,44.622,741.646,144.344,3279.6620000000003,5.0,13498.993999999999
Anguilla,188.0,20.74,78.88,9.379999999999999,24.340000000000003,0.0,45026.72,302.65,5363.0,0.0,5350.0,0.0,56363.71
Antigua And Barbuda,106.39,17.03,37.56,33.46,16.639999999999997,4.44,44435.95,199.74,274.37,0.0,0.0,9.0,45134.579999999994
Argentina,30.790370370370372,6.248148148148148,14.275925925925925,5.760000000000001,4.763703703703704,1.3740740740740742,31318.645185185185,51.59777777777778,2354.747037037037,205.44,2864.7385185185185,29.237777777777776,36887.618518518524
Armenia,43.48,6.453333333333333,25.665000000000003,7.0299999999999985,8.438333333333334,1.4766666666666666,34488.76,113.41333333333334,4768.905,284.72499999999997,2642.183333333333,12.966666666666667,42403.496666666666
Aruba,88.83,13.7,45.16,25.29,18.049999999999997,8.47,53359.19,258.67,11058.279999999999,342.07000000000005,54966.350000000006,7.12,120191.18
Australia,74.53875,16.8425,30.75828125,16.360625,16.534375,19.30765625,28467.8765625,147.154375,6281.180312500001,241.17453125,6127.575,2.1,41441.40296874999
Austria,81.82857142857142,16.798571428571428,50.15,13.87857142857143,9.026428571428571,5.57,35812.025714285715,238.5614285714286,6730.358571428572,286.38,11093.585714285715,1.8785714285714286,54340.042142857135
Azerbaijan,27.700909090909093,5.834545454545455,14.872727272727273,6.4781818181818185,6.3136363636363635,2.833636363636364,27058.99,54.8609090909091,2212.118181818182,140.40727272727273,1135.4072727272726,8.543636363636365,30674.360909090912
Bahamas,133.0,24.48,42.89,29.090000000000003,25.2,11.0,82166.26,354.66,12467.89,341.38,10538.22,6.75,106140.82
Bahrain,54.54999999999999,25.28,30.64,11.546666666666667,33.22333333333333,5.703333333333333,40665.40666666666,227.70999999999995,5428.91,267.22,5408.196666666667,6.8133333333333335,52165.200000000004
Bangladesh,14.190833333333332,11.7125,16.393333333333334,5.383333333333333,10.386666666666667,2.799166666666667,54421.24333333334,55.14000000000001,1029.16,102.93583333333333,831.2858333333334,8.149166666666666,56508.78000000002
Barbados,126.33,17.81,61.84,20.580000000000002,22.22,7.96,76743.40000000001,150.37,5669.37,390.13,5493.58,6.17,88709.76000000001
Belarus,42.58416666666667,6.729166666666667,20.480833333333333,9.94,9.4,1.715,40752.598333333335,68.5525,5632.711666666666,230.86166666666668,1370.8275,17.076666666666668,48163.4775
Belgium,96.44512820512821,15.908205128205127,40.2825641025641,11.262051282051281,9.704871794871796,7.327179487179487,44882.19589743589,206.79769230769233,11713.123589743589,335.225641025641,6941.998205128205,1.5964102564102565,64261.86743589743
Belize,44.29600000000001,12.85,22.78,12.548,21.506,3.4619999999999997,31628.640000000003,152.98,128.51600000000002,215.786,1977.634,8.134,34229.132
Benin,34.540000000000006,10.579999999999998,17.35,9.209999999999999,7.07,0.88,22500.3,71.89,5468.0,76.3,1100.4,5.0,29301.52
Bermuda,194.0,34.28,78.58000000000001,60.760000000000005,38.32,17.62,75128.65,414.04999999999995,26100.339999999997,429.58000000000004,32364.609999999997,6.5,134867.28999999998
Bhutan,24.61,15.160000000000002,15.926666666666668,9.196666666666667,6.196666666666666,5.536666666666666,39995.943333333336,53.89666666666667,880.46,135.53666666666666,2333.47,10.33,43486.263333333336
Bolivia,16.37142857142857,6.691428571428572,15.15,7.315714285714285,8.209999999999999,2.0,24205.96857142857,79.24571428571429,1868.2785714285715,135.62285714285716,1761.8242857142857,3.84,28110.51857142857
Bosnia And Herzegovina,30.715384615384615,7.342307692307693,24.91846153846154,7.434615384615385,7.4799999999999995,3.23,38509.98769230769,161.91923076923075,2999.9453846153847,235.3246153846154,2278.113076923077,3.8015384615384615,44270.2123076923
Botswana,35.3,7.5,16.643333333333334,9.203333333333333,9.416666666666666,3.5366666666666666,22455.48,69.53666666666668,3529.936666666667,131.17,14313.043333333335,3.3200000000000003,40584.08666666666
Brazil,30.078841463414637,7.0857317073170725,21.06048780487805,6.376280487804879,9.422012195121951,1.819268292682927,32057.48963414634,81.0544512195122,3572.3837195121955,167.77268292682928,1920.2660365853658,7.599024390243902,37882.4081707317
British Virgin Islands,90.0,14.629999999999999,52.95,21.0,15.0,2.4,42676.14,355.77,18712.5,335.0,11266.66,5.5,73547.55
Brunei,37.46,12.669999999999998,39.325,22.959999999999997,8.8,8.13,42785.86,136.84,8463.265,252.79000000000002,4890.715,4.24,56663.055
Bulgaria,39.802,7.2330000000000005,23.05666666666667,7.4896666666666665,6.901666666666667,3.0683333333333334,36210.94966666667,117.24766666666666,3043.762333333333,176.612,1854.8136666666664,3.3056666666666668,41494.24233333334
Burkina Faso,26.990000000000002,6.799999999999999,14.389999999999999,8.440000000000001,8.83,1.61,23.78,132.48,14903.25,121.28,1868.08,8.5,17124.43
Burundi,26.37,7.16,26.6,11.18,23.99,2.43,26232.3,41.56,1014.18,142.85,32955.49,13.0,60497.11
Cambodia,32.448,8.827000000000002,30.761000000000003,11.292,13.172999999999998,1.315,44140.045999999995,113.269,4365.084,118.38600000000001,2479.963,7.85,51322.414
Cameroon,25.64428571428572,6.744285714285715,18.738571428571426,7.974285714285713,6.795714285714285,1.3985714285714284,13150.125714285716,105.13571428571429,1107.7985714285714,143.15142857142857,1171.9657142857143,5.824285714285715,15751.297142857144
Canada,79.68383333333333,18.037666666666667,40.66383333333333,18.115416666666665,18.002083333333335,11.107333333333335,35055.33175,194.5319166666667,9135.190999999999,245.88158333333334,9472.137583333333,4.843999999999999,54293.52799999999
Cape Verde,36.265,6.51,18.12,12.509999999999998,10.83,4.28,24.12,118.72,95.175,0.0,1189.585,20.0,1536.115
Chad,48.190000000000005,7.890000000000001,13.469999999999999,15.16,16.330000000000002,1.93,26988.760000000002,316.13,1873.89,293.16999999999996,1711.3300000000002,0.0,31286.250000000004
Chile,44.528888888888886,10.76037037037037,24.409629629629627,7.568518518518518,7.627037037037037,4.411481481481482,23976.193333333333,107.52851851851852,4017.961111111111,156.81148148148148,2684.7633333333333,3.6707407407407406,31046.234444444442
China,26.23846153846154,8.718653846153845,27.65048076923077,7.199134615384616,12.571057692307694,2.7560576923076923,33329.507596153846,59.17009615384615,10625.691634615385,219.9641346153846,5915.770865384616,4.228557692307692,50239.466730769236
Colombia,21.331923076923076,4.996153846153846,11.854615384615384,5.269230769230769,8.110000000000001,1.3765384615384615,26391.114615384613,73.795,2350.924230769231,145.92000000000002,2754.328461538462,10.762307692307692,31779.783076923075
Comoros,0.0,0.0,10.639999999999999,13.100000000000001,11.690000000000001,1.58,0.0,0.0,32.37,0.0,0.0,0.0,69.38
Congo,44.536,8.906,26.766,18.625999999999998,13.514,1.9100000000000001,52670.904,393.062,6410.6720000000005,198.058,11219.511999999999,11.732,71018.198
Cook Islands,70.55,17.799999999999997,44.50999999999999,27.590000000000003,24.05,0.0,0.0,128.92,0.0,150.73000000000002,6889.35,0.0,7353.5
Costa Rica,49.585,11.799999999999999,31.799999999999997,14.33,18.455,3.9,51232.915,104.845,6041.155000000001,265.41499999999996,4312.615,11.865,62098.68
Croatia,47.930454545454545,10.725,29.26090909090909,7.8531818181818185,8.702272727272726,4.254090909090909,39340.23909090909,177.52454545454546,2443.765909090909,232.95863636363637,4250.380454545454,3.7459090909090906,46557.34045454545
Cuba,39.12222222222223,11.681111111111111,24.994444444444444,15.125555555555556,11.956666666666667,3.611111111111111,103068.16666666669,103.51777777777778,8472.041111111112,218.33333333333334,518.8311111111111,3.1833333333333336,112490.56444444446
Curacao,115.62000000000002,15.75,35.269999999999996,21.72,17.41,8.32,51204.78,251.47,12455.1,286.86,3063.6400000000003,5.68,67481.62
Cyprus,69.85428571428572,14.264285714285716,32.11571428571428,9.79857142857143,10.272857142857143,4.774285714285715,42091.474285714285,184.3685714285714,6173.631428571428,287.1414285714286,5787.575714285714,2.73,54668.00142857143
Czech Republic,37.975227272727274,7.924318181818182,27.332500000000003,8.789545454545454,6.730227272727273,4.896136363636364,38757.63,225.9465909090909,6353.035,219.63204545454545,4574.554545454545,3.521590909090909,50227.96772727273
Denmark,116.175,25.538,44.113,17.46,14.387,8.062000000000001,78217.37299999999,218.67200000000003,5717.465,367.127,10371.341,1.659,95119.37199999999
Djibouti,85.67999999999999,19.25,47.400000000000006,12.27,14.240000000000002,1.4,23212.335,359.2,6413.57,167.04000000000002,3248.305,5.0,33585.69
Dominica,71.1,14.24,31.779999999999998,30.35,14.26,7.4,50072.270000000004,111.32,250.99,380.2,2744.7599999999998,25.0,53753.67
Dominican Republic,48.11692307692307,11.286153846153846,24.033076923076923,10.522307692307693,12.35153846153846,4.359230769230769,21368.685384615383,107.27692307692307,3808.5053846153846,216.5246153846154,1556.8276923076924,7.944615384615385,27176.433846153846
Ecuador,37.71785714285714,10.015,19.44142857142857,6.763571428571429,9.973571428571429,4.135714285714285,39481.73857142857,88.71071428571429,4460.065,230.0692857142857,1837.7492857142856,7.105714285714286,46193.485714285714
Egypt,19.49142857142857,5.225714285714286,13.723333333333333,2.835238095238095,9.635714285714286,1.8823809523809525,31166.85095238095,37.15904761904762,1548.277619047619,147.23571428571427,1069.19,9.997142857142856,34031.50428571429
El Salvador,31.875,10.309999999999999,26.154999999999998,14.905000000000001,16.67,3.81,39394.315,96.675,1476.75,285.06,2438.165,14.17,43808.86
Equatorial Guinea,67.065,14.535,23.335,24.54,8.504999999999999,1.9300000000000002,27161.865,264.59,1007.13,459.83500000000004,1401.605,0.0,30434.935
Eritrea,34.07,8.64,17.17,11.89,3.91,2.5,10.4,30.1,786.0,100.0,5226.16,0.0,6230.84
Estonia,50.373333333333335,13.280833333333334,27.418333333333333,8.727500000000001,11.019166666666669,5.155,40687.096666666665,231.22,11125.760833333334,245.76916666666668,3315.353333333333,2.3966666666666665,55723.57083333333
Ethiopia,24.724999999999998,3.1616666666666666,18.24,5.736666666666667,6.953333333333333,1.7,34543.486666666664,265.7133333333333,10998.039999999999,108.08166666666666,2305.5433333333335,10.18,48291.56166666667
Falkland Islands,72.57,14.52,53.45,0.0,11.31,12.3,2470.85,771.27,594.09,55.35,3690.0,0.0,7745.71
Faroe Islands,143.35250000000002,23.185,37.785,15.599999999999998,21.335,6.907500000000001,64789.595,166.84249999999997,985.03,304.76750000000004,4469.975,0.7475,70965.12250000001
Fiji,44.48333333333333,11.9,23.92,11.296666666666667,13.243333333333332,7.593333333333334,38127.01,78.67,6590.656666666667,160.27666666666664,3174.7766666666666,5.78,48249.60666666667
Finland,99.98185185185186,21.642962962962965,39.458518518518524,14.06074074074074,18.554814814814815,9.091851851851851,52621.35962962963,159.40259259259258,5476.002592592593,287.0248148148148,8118.083333333333,1.3492592592592592,66866.01296296297
France,65.97194690265486,15.341592920353982,37.631150442477875,13.458495575221239,10.087699115044249,8.70654867256637,30166.790530973452,157.5066371681416,4873.043539823009,258.93318584070795,8482.609026548673,1.0246902654867258,44091.105044247786
French Guiana,74.67999999999999,13.649999999999999,66.34,30.53,13.68,6.32,17.31,265.53999999999996,1948.8600000000001,305.58,9703.24,1.6,12447.33
French Polynesia,80.31,17.16,48.6,28.15,22.8,15.74,51281.43000000001,288.06,969.14,322.30999999999995,19230.43,0.0,72304.13
Gabon,107.1,8.6,27.92,17.81,9.129999999999999,2.01,54147.2,174.23000000000002,3822.35,245.91,35605.06,21.5,94188.82
Gambia,22.479999999999997,6.484999999999999,15.715,7.58,5.930000000000001,1.21,2118.0649999999996,131.57,403.22499999999997,87.09,4014.155,5.25,6818.755
Georgia,43.64375,7.824999999999999,24.14375,8.033750000000001,8.6475,2.7375,35419.32125,89.64500000000001,3525.9387500000003,294.5075,1787.9762500000002,12.25375,41224.67375
Germany,70.40006802721088,15.237142857142858,36.46448979591837,10.800068027210884,7.387619047619047,7.121496598639455,41639.678911564624,265.26714285714286,7072.907891156462,291.66931972789115,8243.393333333333,1.6560544217687074,57661.98353741497
Ghana,17.966,3.354,11.198,5.828,3.75,0.712,7489.992,34.704,3929.024,37.698,4913.415999999999,18.666,16466.308
Gibraltar,106.4,15.25,37.01,15.71,11.43,4.06,66300.94,155.19,12465.67,384.55,23038.489999999998,4.22,102538.92000000001
Greece,56.29694444444445,14.95611111111111,32.68083333333333,9.053333333333335,10.307222222222222,4.784166666666667,36817.14027777778,231.1036111111111,6082.466388888889,244.3863888888889,5114.269444444444,3.561111111111111,48621.00583333333
Greenland,49.775000000000006,10.2925,14.725,7.139999999999999,9.585,5.92,13784.1075,290.65,20.005,169.75,5634.8325,0.0,19996.7825
Guadeloupe,49.53,18.900000000000002,47.42,17.59,13.61,0.0,43091.200000000004,216.17000000000002,44.150000000000006,0.0,4004.2299999999996,2.0,47504.8
Guatemala,41.501999999999995,10.612,24.816,10.794,12.628,3.474,38764.414,117.41199999999999,6381.086000000001,279.068,2434.1980000000003,7.9719999999999995,48087.976
Guinea,46.0,14.040000000000001,33.91,13.85,16.0,1.5,22.5,155.12,7783.83,150.0,4290.88,0.0,12527.630000000001
Guinea-Bissau,19.96,9.49,11.64,9.670000000000002,8.34,1.61,8.7,16.24,77.92,329.31,4279.030000000001,0.0,4771.910000000001
Guyana,31.115000000000002,9.4,26.335,18.46,23.17,1.195,16497.129999999997,105.52,1661.975,177.38000000000002,3061.89,4.31,21617.879999999997
Haiti,73.054,15.930000000000001,27.303999999999995,12.694,8.45,1.6600000000000001,64009.63600000001,185.974,5605.148,262.654,2129.264,10.8,72342.568
Honduras,34.81818181818182,8.326363636363636,19.451818181818183,9.067272727272728,12.01909090909091,2.1036363636363635,39781.068181818184,208.72181818181818,3413.210909090909,193.46272727272728,1611.338181818182,10.770909090909091,45304.35909090909
Hong Kong,77.4,23.599999999999998,64.61,20.44,25.46,7.96,65622.6,222.71,19561.15,346.75,63927.15,2.53,149902.36000000002
Hungary,37.905454545454546,6.2286363636363635,23.047727272727272,8.504999999999999,5.280681818181818,4.2318181818181815,31000.556363636362,135.33113636363638,2687.9543181818185,176.72295454545454,2679.111590909091,5.284318181818182,36770.15999999999
Iceland,116.62666666666667,22.44666666666667,58.63999999999999,15.290000000000001,24.063333333333333,10.303333333333333,55500.15833333333,164.065,3044.096666666667,478.27500000000003,12226.293333333333,5.03,71665.28833333333
India,15.9988622754491,7.261676646706587,14.50443113772455,4.756526946107785,11.331616766467064,3.385808383233533,26898.54640718563,36.46,1180.6378443113772,112.34359281437126,1803.0308383233535,8.117904191616766,30096.375508982033
Indonesia,15.423250000000001,8.911750000000001,18.024,8.73125,15.634,1.7454999999999998,38785.94775,71.01275,4241.42025,153.45725,1635.8835000000001,6.36575,44962.557
Iran,31.115675675675675,5.916486486486487,26.04,7.347297297297298,2.8605405405405406,3.054324324324324,96562.98297297298,40.99594594594594,806.3937837837838,378.87945945945944,5780.19,19.46054054054054,103665.23702702706
Iraq,28.646818181818183,8.078181818181818,21.896818181818183,5.371363636363636,14.508181818181818,1.9095454545454544,24265.56045454545,108.04499999999999,1411.4877272727272,147.32545454545453,2004.9881818181818,5.352727272727273,28023.17045454545
Ireland,101.48227272727273,18.88590909090909,32.495,13.277727272727274,17.313181818181818,15.386363636363637,57893.34772727273,224.34909090909093,4929.450454545455,283.8922727272727,8864.464999999998,3.4704545454545452,72397.81545454546
Isle Of Man,110.44,18.16,27.59,15.540000000000001,14.3,14.76,53544.229999999996,185.8,18416.58,180.98,9127.26,2.54,81658.17999999998
Israel,114.1164705882353,26.125588235294117,50.964999999999996,13.260000000000002,18.378529411764706,10.403529411764705,78708.16441176471,287.035,7228.2091176470585,391.7873529411765,16459.41911764706,3.3770588235294117,103311.2411764706
Italy,75.61870967741936,13.430483870967743,38.261827956989244,10.318440860215054,8.579247311827958,5.326397849462365,37528.46322580645,180.17413978494622,5269.013978494623,260.962688172043,4329.834354838709,1.3820967741935484,47721.365591397844
Ivory Coast,44.18000000000001,8.969999999999999,30.340000000000003,9.76,8.799999999999999,1.16,54647.45,187.56,2871.455,258.96000000000004,2990.165,10.93,61069.729999999996
Jamaica,48.9775,12.185,29.585,17.03875,15.83,8.28125,56323.1875,129.43625,2622.6899999999996,156.71,4158.945,7.19625,63530.0625
Japan,41.733466666666665,12.565866666666667,39.52653333333333,21.526933333333332,12.106533333333333,3.6050666666666666,29511.309333333335,189.152,9164.1104,192.41533333333336,6325.6228,1.1616,45514.83586666666
Jersey,140.83999999999997,21.850000000000005,41.26,20.29,18.75,12.78,57441.939999999995,284.34,20329.73,363.28999999999996,27331.550000000003,2.76,106009.37999999998
Jordan,30.664444444444445,12.663333333333334,22.887777777777778,6.532222222222223,19.26,2.8877777777777776,38556.20333333334,97.73,2597.332222222222,178.62111111111113,1394.4933333333333,4.862222222222222,42924.13777777779
Kazakhstan,28.1375,4.906875,15.568125,5.6775,6.578125,1.086875,32486.680625,51.965,3507.289375,191.12125,1986.114375,12.811875,38297.93749999999
Kenya,34.055,7.037142857142858,19.83857142857143,6.590714285714286,11.278571428571428,1.6192857142857144,17081.807142857146,53.457857142857144,2830.54,84.17142857142858,1125.047142857143,9.717857142857143,21265.160714285717
Kosovo (Disputed Territory),15.342500000000001,5.0525,14.45125,4.43875,5.45875,2.7125000000000004,16634.684999999998,77.2025,1023.76375,78.82125,1659.3075,2.7975,19524.033749999995
Kuwait,52.46,11.645,22.43,9.915,9.329999999999998,2.685,36491.075,66.315,5534.360000000001,273.19,9544.685,5.585,52023.674999999996
Kyrgyzstan,28.37,6.496666666666666,20.55333333333333,6.736666666666667,8.086666666666668,1.3800000000000001,37505.583333333336,48.1,6205.086666666667,151.45666666666668,1921.1833333333334,17.33666666666667,45920.37000000001
Laos,17.923333333333332,5.956666666666667,20.586666666666666,11.293333333333331,13.589999999999998,1.23,43018.310000000005,65.70666666666666,1517.6733333333334,104.26666666666665,2670.7566666666667,3.373333333333333,47450.66666666668
Latvia,47.720666666666666,9.866666666666667,26.108,7.764666666666667,9.828666666666667,4.582666666666667,32983.60666666667,243.44266666666667,5878.378,243.69733333333335,2423.851333333333,2.360666666666667,41881.208
Lebanon,60.18333333333334,14.28,42.013333333333335,8.656666666666666,14.83,3.3816666666666664,40602.409999999996,238.07333333333335,4923.121666666667,306.13,3642.778333333333,5.926666666666667,49861.784999999996
Lesotho,34.43,5.429999999999999,15.31,9.65,7.07,0.0,19978.229999999996,101.34,749.4200000000001,154.73,1580.5900000000001,9.5,22645.699999999997
Liberia,45.0,10.16,53.53666666666667,71.26,14.766666666666666,3.3333333333333335,13035.0,177.54666666666665,937.0966666666667,81.75333333333333,3841.0533333333333,3.3333333333333335,18273.84
Libya,20.510833333333334,2.723333333333333,14.939166666666667,4.767499999999999,1.9874999999999998,1.8541666666666667,24283.6975,51.9675,758.4200000000001,102.71499999999999,1769.8716666666667,3.875,27017.329166666666
Liechtenstein,135.954,25.401999999999997,62.912,22.459999999999997,21.26,9.62,63678.67,249.13999999999996,13381.196,386.896,8446.662,6.516,86426.688
Lithuania,45.21368421052631,11.787894736842107,25.50263157894737,7.152631578947369,9.662105263157894,4.171578947368421,35559.737368421054,175.26105263157896,3006.5157894736844,235.7226315789474,2929.878947368421,1.604736842105263,42012.21105263158
Luxembourg,93.655,18.564999999999998,54.885,14.65375,12.60625,5.795,51975.77375,205.26875,14814.045,366.2075,10902.68125,1.8475,78465.98375000001
Madagascar,16.26,3.8533333333333335,11.38,2.9616666666666664,4.891666666666666,1.7566666666666666,14800.605000000001,33.58833333333333,1761.5183333333334,77.38333333333334,695.4883333333332,5.833333333333333,17415.520000000004
Malawi,38.82,6.683333333333333,25.996666666666666,9.963333333333333,9.626666666666667,1.9466666666666665,38806.98,199.67,4393.216666666666,179.16,4924.0199999999995,13.333333333333334,48609.41666666667
Malaysia,21.79153846153846,11.64423076923077,25.073076923076922,9.078461538461537,18.533461538461538,3.821923076923077,57501.21307692308,71.62846153846154,5994.6896153846155,175.90384615384616,2565.5803846153844,3.902307692307692,66402.86038461539
Maldives,24.925,8.75,15.34,10.575,12.985,3.275,40935.14,131.41,1692.6799999999998,149.91,4623.385,6.78,47615.155000000006
Mali,61.23,11.18,33.14,9.26,8.92,1.5,90005.89,296.71999999999997,12083.81,150.0,3772.5499999999997,12.0,106446.2
Malta,91.9964705882353,12.883235294117647,37.85852941176471,15.425882352941176,12.001764705882353,5.878529411764706,47445.64941176471,141.56617647058823,6760.6385294117645,315.79676470588237,5974.117058823529,4.040588235294117,60817.852941176476
Marshall Islands,71.2,21.93,46.42,20.900000000000002,19.13,10.0,25136.55,605.25,3305.67,205.0,5166.67,0.0,34608.72
Martinique,89.44,17.79,66.5,17.28,10.87,11.33,54342.9,138.74,2460.49,467.86,9069.369999999999,0.0,66692.56999999999
Mauritania,39.540000000000006,14.469999999999999,25.11,8.39,14.6,2.67,10142.660000000002,192.66000000000003,9259.43,101.92,2014.3600000000001,13.0,21828.81
Mauritius,37.34,8.995000000000001,27.475,10.825,14.6,5.04,51155.299999999996,78.85,3659.03,236.31500000000003,1335.11,4.96,56573.84
Mexico,38.1283908045977,9.393908045977012,24.129310344827587,8.873793103448275,12.118275862068964,3.133103448275862,29777.041609195403,76.46022988505747,3133.095977011494,199.67149425287354,2966.7367816091955,9.787471264367817,36258.57034482758
Moldova,24.211000000000002,4.971,19.315,6.14,4.418,2.175,25547.829000000005,83.276,3004.261,186.518,668.5809999999999,6.324,29558.019000000004
Monaco,193.88,32.99,51.52,14.930000000000001,21.35,10.54,43334.770000000004,241.78,17444.75,591.16,186734.49,1.88,248674.04
Mongolia,24.973333333333333,6.02,13.606666666666667,10.920000000000002,7.61,0.9766666666666667,23390.38666666667,42.693333333333335,5725.1466666666665,111.96333333333332,2068.0466666666666,8.193333333333333,31410.536666666667
Montenegro,38.89090909090908,9.632727272727273,21.66181818181818,6.936363636363637,7.696363636363636,3.9227272727272724,38539.28727272727,124.61363636363636,5524.92090909091,257.07,4233.600909090909,5.084545454545455,48773.318181818184
Montserrat,61.05,8.860000000000001,8.72,7.029999999999999,11.1,2.41,29610.38,155.31,111.01,129.51,1692.85,0.0,31798.229999999996
Morocco,24.29,7.85,19.6921875,4.133125,9.6896875,3.3778125,37981.595625,64.7478125,2463.0309375,152.5184375,2025.5490625,4.073125,42760.54781250001
Mozambique,36.65625,4.56125,14.357500000000002,5.086250000000001,7.4875,0.8812500000000001,21373.263750000002,75.63,1782.4825,107.47874999999999,1451.66875,11.40625,24870.96
Myanmar,7.783333333333334,2.6300000000000003,8.623333333333333,3.643333333333333,3.1466666666666665,0.39999999999999997,12.153333333333334,36.879999999999995,1332.0733333333333,124.33333333333333,1444.8966666666668,4.333333333333333,2980.896666666667
Namibia,50.245,6.625,21.345000000000002,9.649999999999999,7.4750000000000005,2.605,25747.88,136.035,3481.0,237.255,3470.665,11.14,33181.92
Nauru,55.03999999999999,26.680000000000003,25.82,47.57000000000001,1.7,12.23,1.22,271.83,0.0,0.0,3397.9,0.0,3839.9900000000002
Nepal,17.42909090909091,8.202727272727273,14.376363636363637,4.951818181818182,8.026363636363637,2.069090909090909,40667.08,22.146363636363635,597.2318181818182,83.0190909090909,1216.4763636363637,7.706363636363636,42648.715454545454
Netherlands,87.78018181818182,17.10181818181818,48.62018181818182,10.61690909090909,9.401090909090907,8.203818181818182,49775.89890909091,251.5381818181818,6813.797636363636,317.69745454545455,8805.335818181818,2.1543636363636365,66148.14636363636
New Caledonia,107.72999999999999,23.990000000000002,59.66,29.83,22.66,16.38,53281.01999999999,271.69,8287.54,383.1,12380.2,2.57,74866.37
New Zealand,87.0252,18.7312,36.3376,15.8348,16.5456,21.4756,41159.8728,171.88240000000002,6659.7368,306.48240000000004,7501.6916,3.6136,55999.22959999999
Nicaragua,27.107,7.026999999999999,16.122,10.115,8.879,2.205,22839.303,69.96799999999999,520.0809999999999,163.23399999999998,761.596,7.0120000000000005,24432.649
Niger,44.480000000000004,12.469999999999999,34.06999999999999,10.8,12.760000000000002,2.41,23336.700000000004,386.99,5777.780000000001,166.0,323286.48,11.0,353081.94
Nigeria,18.63741935483871,5.940967741935483,13.204193548387096,9.11516129032258,5.748387096774193,0.5635483870967741,15589.106451612903,46.86387096774193,981.7625806451613,126.79451612903226,3990.972258064516,9.041290322580645,20797.75064516129
North Korea,27.889999999999997,5.74,24.310000000000002,14.2,6.3,18.88,52724.43,0.0,18.02,75.26,11298.779999999999,0.0,64213.81
North Macedonia,22.05695652173913,6.791304347826086,20.22217391304348,4.651739130434782,5.87695652173913,2.276086956521739,31954.77347826087,126.05304347826086,1153.535652173913,203.38260869565218,1794.893913043478,4.180434782608696,35298.694347826095
Norway,118.6916,30.203200000000002,62.8796,18.825599999999998,26.090799999999998,13.988,61632.486399999994,256.2488,5177.3912,349.0152,11377.708,2.7843999999999998,79066.3128
Oman,28.511428571428574,18.360000000000003,25.78,11.494285714285715,36.84285714285714,5.042857142857144,32800.864285714284,142.10142857142858,4053.7014285714286,215.21428571428572,2560.2514285714283,1.8571428571428572,39900.021428571425
Pakistan,13.634871794871795,6.475128205128205,12.17897435897436,3.1599999999999997,4.257179487179487,0.9882051282051282,23811.457179487177,68.56666666666666,667.4805128205128,87.95102564102565,1005.8407692307693,11.824358974358974,25693.814871794868
Panama,44.45,11.43,25.264000000000003,13.956,12.996,6.470000000000001,38022.004,122.33400000000002,4893.246,210.712,4016.7879999999996,5.68,47385.33
Papua New Guinea,49.384,11.813999999999998,24.233999999999998,15.286000000000001,9.382,3.7900000000000005,22962.659999999996,276.066,4828.974,137.98200000000003,9454.144,5.434,37779.15
Paraguay,29.318,6.478,17.485999999999997,6.863999999999999,6.534000000000001,1.226,24895.126,73.012,1440.006,129.454,1080.216,6.15,27691.870000000003
Peru,21.379473684210524,7.508421052631578,15.261578947368422,4.773684210526316,8.571052631578947,3.159473684210526,19565.552631578947,62.868947368421054,2274.121052631579,131.6521052631579,2441.1863157894736,6.534736842105263,24542.56947368421
Philippines,21.813116883116884,7.717012987012987,18.174415584415584,11.254285714285714,9.022077922077923,2.2915584415584416,34617.27545454545,130.88090909090909,3241.9532467532467,166.53493506493507,2314.077012987013,5.430779220779221,40546.4248051948
Poland,37.68090909090909,8.469999999999999,21.925454545454546,7.028484848484848,7.297272727272727,3.9349999999999996,32397.578181818186,190.28378787878788,3415.241818181818,196.56545454545454,3849.517424242424,4.609848484848484,40140.13363636364
Portugal,50.370576923076925,8.516538461538461,26.68846153846154,8.881538461538462,7.7998076923076916,5.2451923076923075,49967.84269230769,137.91596153846154,5391.587884615385,241.32153846153844,5899.535961538461,1.7071153846153846,61747.41326923077
Puerto Rico,77.50833333333334,12.943333333333333,30.830000000000002,24.938333333333333,18.6225,9.929166666666667,48411.32166666666,261.66833333333335,6880.926666666666,257.8016666666667,3484.0791666666664,4.485,59475.05416666667
Qatar,42.11666666666667,25.410000000000007,22.683333333333337,6.95,19.873333333333335,4.303333333333334,27502.553333333333,119.76666666666667,7872.633333333334,185.35666666666665,7921.509999999999,2.6466666666666665,43725.80333333334
Reunion,71.4,16.46,58.14,14.469999999999999,12.75,11.85,53044.119999999995,157.97,65.29,342.46,9240.03,0.0,63034.939999999995
Romania,38.24377358490566,8.150754716981131,21.424716981132075,6.929056603773585,7.306603773584905,4.6169811320754715,36718.020377358494,120.20528301886793,4826.226226415095,218.02509433962263,2473.376603773585,5.622075471698114,44448.147547169814
Russia,46.75208633093525,8.477985611510793,26.63884892086331,10.010431654676259,10.478345323741006,2.4124460431654673,51518.49007194245,121.50892086330937,3246.359424460432,288.3012949640288,3632.173237410072,9.74431654676259,58921.34741007194
Rwanda,39.5,6.499999999999999,16.973333333333333,7.666666666666667,12.013333333333334,1.64,34745.26,85.35000000000001,1914.1066666666666,134.03,8747.766666666666,17.60666666666667,45728.41333333334
Saint Helena,75.65,12.85,31.01,18.72,23.31,9.68,26428.47,223.86,14261.17,119.83,2408.75,6.47,43619.770000000004
Saint Kitts And Nevis,117.94000000000001,15.189999999999998,38.62,13.79,22.11,5.55,3.55,164.66,231.26999999999998,37.0,980.55,0.0,1630.23
Saint Lucia,80.32,12.860000000000001,38.379999999999995,25.009999999999998,17.51,4.81,38880.450000000004,127.19,2070.1,389.90999999999997,2358.2300000000005,7.33,44012.10000000001
Saint Vincent And The Grenadines,86.03,13.17,37.83,25.830000000000002,20.38,4.44,22300.039999999997,100.17,3488.6800000000003,365.02,2181.59,9.5,28632.679999999997
Samoa,47.690000000000005,13.609999999999998,37.18,20.19,15.469999999999999,5.56,6.49,666.9,2362.64,283.40999999999997,3021.2599999999998,0.0,6480.4
San Marino,77.81666666666666,13.776666666666666,30.399999999999995,10.783333333333333,8.02,4.216666666666666,45872.68333333334,100.17,5695.44,313.6666666666667,4959.036666666668,3.5499999999999994,57089.56000000001
Sao Tome And Principe,65.34,6.469999999999999,60.400000000000006,13.799999999999999,8.950000000000001,2.11,21102.27,293.02,124.69,0.0,1537.48,0.0,23214.53
Saudi Arabia,50.339444444444446,8.97,30.249444444444446,10.20111111111111,6.44,7.086666666666667,29960.823333333337,163.36166666666665,4604.356666666667,253.4777777777778,3361.4411111111112,2.8633333333333333,38459.61055555556
Senegal,34.26333333333333,8.113333333333333,22.25,5.776666666666666,6.6066666666666665,0.86,35182.333333333336,101.42666666666666,3424.8633333333332,159.57333333333332,8235.383333333333,5.833333333333333,47187.28333333334
Serbia,27.06823529411765,7.069705882352942,19.158529411764704,5.6049999999999995,5.760588235294118,3.172941176470588,30194.51205882353,142.54470588235293,3160.7455882352942,209.36882352941177,2831.391176470588,3.118823529411765,36609.516176470584
Seychelles,81.30000000000001,21.470000000000002,48.67000000000001,17.57,17.53,11.12,61892.340000000004,186.07,4631.73,280.3,7414.58,16.0,74618.68000000001
Sierra Leone,42.21,9.14,10.95,14.370000000000001,11.379999999999999,1.03,18012.15,230.45,2103.67,88.0,4528.490000000001,0.0,25051.840000000007
Singapore,83.56,25.949999999999996,56.28,19.53,33.58,11.09,210708.6,180.88000000000002,26652.69,344.53000000000003,44828.020000000004,2.5,282947.21
Sint Maarten,122.0,16.275,32.13,22.104999999999997,13.165,17.0,36844.76,359.31999999999994,9988.15,219.61,7875.775,6.25,55516.54000000001
Slovakia,38.86764705882353,8.248823529411764,29.194117647058825,9.791470588235295,6.804117647058824,4.3420588235294115,37013.56205882353,196.5620588235294,4137.51,221.59970588235296,4667.218235294117,1.6985294117647058,46335.39882352942
Slovenia,51.092222222222226,11.457777777777777,31.273333333333333,8.587777777777777,9.145925925925926,4.34037037037037,34375.16185185185,253.38962962962964,4801.752592592593,270.07296296296295,4418.051851851852,2.6748148148148148,44237.001111111116
Solomon Islands,75.33,17.96,34.24,23.8,20.41,3.89,14.940000000000001,485997.96,3837.51,250.28,150586.44999999998,13.5,640876.27
Somalia,27.166666666666668,26.486666666666665,19.44333333333333,12.276666666666669,28.426666666666666,1.7333333333333334,15098.169999999998,110.02666666666669,927.0833333333334,113.91666666666667,77983.62,5.166666666666667,94353.51666666666
South Africa,40.76470588235294,7.588823529411764,21.155882352941177,7.8538235294117635,8.096764705882352,2.546176470588235,37125.086176470584,148.36411764705883,3814.136764705883,222.86764705882354,2561.75,8.690294117647058,43968.90117647058
South Korea,41.16137931034483,14.332758620689654,50.755172413793105,25.734137931034482,18.00103448275862,3.1151724137931036,41106.1724137931,123.50103448275863,18680.713103448277,240.85896551724142,8574.517586206897,2.8127586206896553,68881.67551724138
South Sudan,43.5,11.379999999999999,10.379999999999999,21.0,13.17,0.0,22069.63,100.03,8230.0,120.0,17806.06,0.0,48425.15
Spain,60.06670454545454,10.859431818181818,30.99625,10.109886363636363,7.856363636363636,5.085340909090909,41193.72875,161.68011363636364,6579.786590909091,251.24125,5717.799772727273,2.1106818181818183,54031.32113636364
Sri Lanka,11.460625,4.16,16.54125,7.4,10.236875,3.7875,35727.76,33.29375,657.27,87.50562500000001,630.59375,13.5725,37203.581874999996
Sudan,33.0,10.059999999999999,22.94,13.459999999999999,19.59,1.5,50227.17666666666,118.16000000000001,2422.0466666666666,184.75,1863.4800000000002,17.0,54933.16333333334
Suriname,54.60600000000001,6.294,17.1,7.8420000000000005,9.144,3.15,21251.494,78.198,356.4440000000001,222.33,874.1460000000001,8.574,22889.322
Swaziland,17.04,5.655,19.97,5.970000000000001,7.6499999999999995,2.09,38210.4,146.675,3525.18,286.41999999999996,1525.6399999999999,10.625,43763.315
Sweden,77.172,20.000666666666667,39.85366666666666,14.288333333333332,13.433666666666666,5.904333333333333,42262.01966666667,107.61833333333334,2304.649,298.49899999999997,8866.848,1.8426666666666667,54012.12933333333
Switzerland,133.82953488372092,24.147209302325578,105.67348837209302,19.355348837209302,17.084883720930232,7.513953488372094,52546.033255813956,251.86906976744183,21257.673720930234,397.553488372093,16742.29953488372,1.371627906976744,91504.40511627909
Syria,24.550769230769227,6.613846153846154,17.560769230769232,4.22,6.913846153846153,1.7284615384615383,31200.856153846154,84.31769230769231,1631.6569230769232,178.47923076923078,985.0838461538461,8.48,34150.461538461546
Taiwan,31.766923076923078,11.531538461538462,46.68,18.996923076923075,14.561538461538463,3.3430769230769233,51065.63846153847,85.66384615384617,10382.786923076921,265.75384615384615,7630.416923076923,1.643846153846154,69558.78384615385
Tajikistan,19.93,5.29,19.915,7.699999999999999,9.42,1.74,36240.515,53.45,5089.4349999999995,161.81,2734.75,15.8,44359.755
Tanzania,27.74875,6.17375,19.8875,6.615,7.078749999999999,1.28375,11570.92875,95.58875,3389.0225,106.96375,2677.07125,8.725,17917.087499999998
Thailand,25.310000000000002,8.578108108108108,28.23297297297297,8.822972972972973,17.762972972972975,3.2410810810810813,53854.09540540541,72.52648648648649,9412.043243243243,218.63486486486485,3313.608378378379,4.993243243243243,66967.84972972973
Timor-Leste,52.0,12.55,36.32,17.33,19.299999999999997,1.62,22.23,195.11,19081.25,250.42000000000002,13988.34,0.0,33676.47
Togo,30.22,12.49,23.92,17.9,8.02,1.61,16119.44,173.28,6602.94,149.39,2759.04,9.0,25907.25
Tonga,79.215,12.36,5.785,5.529999999999999,7.6899999999999995,3.915,0.0,0.0,15.21,0.0,200.0,0.0,329.70500000000004
Trinidad And Tobago,83.47125,10.93625,30.0025,14.94375,24.79125,4.885,66331.09625,100.22625,5062.00625,288.02500000000003,3580.9712499999996,5.26875,75536.62375000001
Tunisia,15.93318181818182,3.7072727272727275,17.858636363636364,4.69,5.128636363636364,2.3022727272727272,41381.68363636364,50.693636363636365,1670.973181818182,155.62636363636364,1526.9199999999998,8.408636363636363,44843.92545454546
Turkey,18.969672131147544,6.610491803278689,17.979016393442624,4.3673770491803285,8.609016393442623,1.5703278688524591,57361.62049180328,70.04786885245902,2904.768196721311,142.62868852459016,1779.9747540983608,17.257540983606557,62334.403442622955
Turkmenistan,173.43,29.160000000000004,47.39,22.8,19.468,38.568,16628.902,648.11,14169.372,584.572,2318.094,4.8,34684.666
Turks And Caicos Islands,15.0,9.0,4.0,4.5,1.67,0.0,0.0,288.0,3000.0,0.0,4100.0,0.0,7422.17
Tuvalu,14.1,13.15,23.83,5.6,0.0,0.0,0.0,0.0,0.0,0.0,1478.71,0.0,1535.39
Uganda,22.639,5.381,15.836000000000002,7.521000000000001,10.669,0.67,8837.542,105.31599999999999,571.801,168.635,935.8969999999999,13.968,10695.875
Ukraine,21.66488888888889,4.623555555555556,16.090666666666667,5.433777777777777,5.416222222222222,1.7882222222222222,32311.282666666666,80.64888888888889,2870.7344444444443,176.9586666666667,1790.5748888888888,12.929555555555556,37298.14644444445
United Arab Emirates,60.11,27.498,32.396,11.314,22.79,6.074,48949.259999999995,266.114,7613.0599999999995,317.794,11126.626,3.7880000000000003,68436.824
United Kingdom,85.42681250000001,16.505875,28.603375,10.8991875,13.5801875,13.61925,45592.8371875,231.36393750000002,13053.2955,251.32225,8669.5313125,2.7606875,67969.7455625
United States,76.12582479030755,18.297977632805217,39.295246971109044,20.6210624417521,17.5177632805219,7.539981360671016,36303.170195712955,233.22054986020504,9431.18018639329,233.723522833178,7224.31522833178,3.686579683131407,53608.694119291715
Uruguay,66.3709090909091,13.899090909090908,32.82454545454545,11.878181818181817,11.181818181818182,3.9545454545454546,75474.4009090909,133.99363636363637,4124.202727272727,294.45181818181817,2592.0009090909093,5.5627272727272725,82764.7218181818
Uzbekistan,26.202999999999996,5.407,14.372,5.340000000000001,3.3770000000000002,1.176,14133.894999999999,38.131,1834.568,102.068,1355.5639999999999,10.690000000000001,17530.790999999994
Vanuatu,77.94000000000001,16.310000000000002,65.67,22.63,22.83,8.73,42340.25000000001,427.1,6776.61,232.96999999999997,5929.04,7.5,55927.58000000001
Vatican City,1.05,6.3,33.51,1.05,3.6100000000000003,0.0,4.77,0.0,0.0,0.0,1221.81,4.7,1276.8
Venezuela,43.96333333333334,8.57888888888889,18.165000000000003,10.262777777777778,9.754444444444445,2.9455555555555555,36200.401666666665,59.28055555555555,3731.815,195.05777777777777,1244.9794444444444,17.62222222222222,41542.82666666666
Vietnam,19.64142857142857,5.043809523809523,30.06047619047619,7.7057142857142855,9.166190476190476,0.9685714285714285,61345.28380952381,51.39142857142857,8937.48380952381,220.4057142857143,2108.3014285714285,8.383333333333335,72743.83571428573
Yemen,41.91428571428571,7.7700000000000005,39.46714285714285,15.997142857142858,11.327142857142858,2.7399999999999998,25312.557142857146,93.77571428571427,1722.5071428571428,173.97857142857143,806.1857142857142,7.357142857142857,28235.577142857146
Zambia,14.442857142857141,4.9399999999999995,16.177142857142858,8.524285714285714,5.630000000000001,1.772857142857143,8612.545714285716,139.71428571428572,8138.159999999999,136.91428571428574,1780.9885714285715,14.857142857142858,18874.667142857143
Zimbabwe,39.425,6.428,20.426000000000002,8.869,10.365,1.2,31618.165999999997,134.804,4474.101000000001,107.148,821.9050000000001,9.0,37251.837
