Total Cost of Living,Salary
19278.103333333333,2689.62
30643.273999999998,1419.87
41814.76617647059,1211.68
269.27,640.81
23153.266666666666,586.46
13498.993999999999,280.73
56363.71,2322.46
45134.579999999994,509.12
36887.618518518524,1572.22
42403.496666666666,400.0
120191.18,629.84
41441.40296874999,166.86
54340.042142857135,200.4
30674.360909090912,445.67
106140.82,718.92
52165.200000000004,214.64
56508.78000000002,532.21
88709.76000000001,1562.35
48163.4775,1452.41
64261.86743589743,2868.8
34229.132,429.13
29301.52,5944.31
134867.28999999998,383.04
43486.263333333336,403.51
28110.51857142857,969.96
44270.2123076923,164.01
40584.08666666666,552.68
37882.4081707317,802.58
73547.55,4033.84
56663.055,963.86
41494.24233333334,531.45
17124.43,294.97
60497.11,2752.34
51322.414,2444.12
15751.297142857144,487.51
54293.52799999999,5456.15
1536.115,533.83
31286.250000000004,489.76
31046.234444444442,363.15
50239.466730769236,875.36
31779.783076923075,427.06
69.38,854.13
71018.198,586.03
7353.5,1428.77
62098.68,0.0
46557.34045454545,569.42
112490.56444444446,4819.49
67481.62,510.15
54668.00142857143,747.36
50227.96772727273,0.0
95119.37199999999,433.96
33585.69,803.85
53753.67,960.9
27176.433846153846,727.43
46193.485714285714,0.0
34031.50428571429,1263.76
43808.86,1146.18
30434.935,299.87
6230.84,1290.67
55723.57083333333,965.48
48291.56166666667,889.72
7745.71,782.95
70965.12250000001,2994.43
48249.60666666667,264.32
66866.01296296297,640.6
44091.105044247786,836.83
12447.33,638.03
72304.13,1001.23
94188.82,569.42
6818.755,1583.41
41224.67375,2215.89
57661.98353741497,818.54
16466.308,0.0
102538.92000000001,1079.52
48621.00583333333,4195.86
19996.7825,0.0
47504.8,640.6
48087.976,949.44
12527.630000000001,520.92
4771.910000000001,1366.61
21617.879999999997,2089.54
72342.568,148.57
45304.35909090909,977.5
149902.36000000002,1020.68
36770.15999999999,0.0
71665.28833333333,0.0
30096.375508982033,0.0
44962.557,5459.79
103665.23702702706,171.51
28023.17045454545,409.39
72397.81545454546,0.0
81658.17999999998,498.24
103311.2411764706,4897.71
47721.365591397844,0.0
61069.729999999996,455.52
63530.0625,764.19
45514.83586666666,0.0
106009.37999999998,5063.25
42924.13777777779,4878.17
38297.93749999999,598.32
21265.160714285717,0.0
19524.033749999995,925.31
52023.674999999996,3249.79
45920.37000000001,4619.45
47450.66666666668,200.0
41881.208,1260.6
49861.784999999996,5907.32
22645.699999999997,996.48
18273.84,131.96
27017.329166666666,781.77
86426.688,331.61
42012.21105263158,163.76
78465.98375000001,319.37
17415.520000000004,0.0
48609.41666666667,0.0
66402.86038461539,465.03
47615.155000000006,5342.19
106446.2,4683.94
60817.852941176476,0.0
34608.72,711.77
66692.56999999999,1978.23
21828.81,0.0
56573.84,4052.92
36258.57034482758,996.48
29558.019000000004,729.89
248674.04,0.0
31410.536666666667,960.9
48773.318181818184,661.75
31798.229999999996,1502.75
42760.54781250001,432.43
24870.96,470.72
2980.896666666667,195.86
33181.92,5090.45
3839.9900000000002,891.28
42648.715454545454,635.66
66148.14636363636,498.24
74866.37,0.0
55999.22959999999,0.0
24432.649,569.42
353081.94,0.0
20797.75064516129,2707.07
64213.81,593.15
35298.694347826095,6292.34
79066.3128,1689.77
39900.021428571425,3158.05
25693.814871794868,555.11
47385.33,0.0
37779.15,285.56
27691.870000000003,1910.04
24542.56947368421,0.0
40546.4248051948,3926.67
40140.13363636364,2823.94
61747.41326923077,0.0
59475.05416666667,569.74
43725.80333333334,188.39
63034.939999999995,774.65
44448.147547169814,447.36
58921.34741007194,5924.47
45728.41333333334,620.32
43619.770000000004,304.12
1630.23,0.0
44012.10000000001,0.0
28632.679999999997,4963.79
6480.4,194.78
57089.56000000001,1940.76
23214.53,2047.33
38459.61055555556,316.53
47187.28333333334,599.5
36609.516176470584,331.5
74618.68000000001,291.36
25051.840000000007,5289.14
282947.21,227.1
55516.54000000001,1579.61
46335.39882352942,436.56
44237.001111111116,5565.78
640876.27,516.89
94353.51666666666,427.06
43968.90117647058,1136.2
68881.67551724138,640.6
48425.15,607.5
54031.32113636364,1247.19
37203.581874999996,499.75
54933.16333333334,526.71
22889.322,3000.0
43763.315,0.0
54012.12933333333,0.0
91504.40511627909,1876.87
34150.461538461546,0.0
69558.78384615385,142.04
44359.755,0.0
17917.087499999998,4950.19
66967.84972972973,459.84
33676.47,206.38
25907.25,996.48
329.70500000000004,342.66
75536.62375000001,4322.14
44843.92545454546,333.39
62334.403442622955,325.19
34684.666,188.18
7422.17,1868.72
1535.39,239.49
10695.875,426.37
37298.14644444445,361.45
68436.824,499.46
67969.7455625,4082.97
53608.694119291715,491.27
82764.7218181818,183.6
17530.790999999994,404.96
55927.58000000001,1646.81
1276.8,3474.89
41542.82666666666,452.11
72743.83571428573,0.0
28235.577142857146,421.32
18874.667142857143,5000.0
37251.837,405.72
,35.75
,302.49
,921.23
,648.9
,272.22
,169.23
,303.77
,406.67
,326.36
,0.0
,5188.03
,3266.67
,3817.48
,354.12
,4599.72
,440.44
,138.58
,0.0
,462.19
,4255.91
,552.68
,143.69
,549.57
,185.12
,1927.62
,0.0
,526.07
,807.91
,109.58
,0.0
,272.93
,504.8
,521.97
,2735.42
,4703.11
,72.8
,535.54
,1339.77
,1387.96
,492.89
,125.87
,948.86
,3164.03
,5192.09
,429.74
,565.2
,446.24
,280.66
,400.0
,346.51
,50.24
,2798.0
,1286.21
,396.94
,1000.0
,1174.0
,4435.33
,6808.52
,974.48
,4143.72
,356.17
,5494.29
,2634.52
,444.5
,3621.99
,162.31
,800.0
,246.36
,838.28
,161.67
,5166.67
,269.0
,654.1
,320.86
,388.92
,4562.61
,470.8
,2649.6
,532.88
,614.09
,308.57
,458.52
,223.69
,320.62
,4403.89
,880.01
,610.23
,5101.48
,2533.89
,100.0
,99.95
,159.65
,2957.78
,552.68
,2131.84
,507.72
,3467.43
,1082.76
,1968.01
,150.0
,2139.52
,123.83
,4178.0
,399.61
,0.0
,3541.4
,941.13
,1907.43
,2000.0
,491.27
,315.53
,318.75
,305.64
,445.21
,5043.75
,669.56
,429.86
,1897.64
,522.22
,3978.79
,231.19
,1686.36
,491.27
,876.34
,306.55
,684.8
,1451.81
,4144.98
,421.15
,296.72
,388.92
,1005.95
,1681.97
,645.0
,0.0
,235.83
,684.31
,0.0
,800.0
,0.0
,3807.94
,427.06
,2291.89
,483.0
,244.77
,901.12
,552.68
,4266.67
,244.6
,0.0
,261.03
,344.87
,366.67
,3342.4
,400.0
,1463.2
,4580.33
,0.0
,0.0
,547.85
,429.86
,642.46
,2342.46
,327.47
,600.84
,441.77
,414.52
,210.66
,0.0
,233.35
,2976.96
,973.79
,298.35
,516.15
,491.27
,135.08
,630.27
,477.11
,221.07
,245.56
,407.96
,3670.25
,179.31
,736.0
,56.43
,4396.98
,2480.27
,281.12
,526.47
,0.0
,4812.25
,5760.89
,294.76
,4647.22
,349.66
,3403.02
,1140.54
,267.61
,564.52
,517.4
,2771.26
,258.3
,592.57
,201.45
,491.27
,651.11
,666.28
,586.6
,0.0
,4947.71
,331.84
,634.56
,307.04
,0.0
,358.51
,364.61
,0.0
,0.0
,337.09
,0.0
,325.31
,211.51
,736.91
,202.61
,2592.0
,218.01
,4226.39
,3405.25
,532.21
,396.16
,606.18
,488.0
,147.52
,3319.71
,379.47
,172.61
,3021.18
,2811.67
,312.04
,368.45
,1140.62
,156.15
,292.11
,163.81
,1382.39
,3655.44
,1060.0
,1544.66
,2145.63
,535.47
,461.85
,2874.65
,804.44
,960.36
,3645.72
,212.85
,480.82
,448.7
,3012.07
,312.97
,427.64
,1091.09
,584.66
,1276.18
,3177.2
,1423.7
,354.73
,1125.31
,370.25
,519.66
,463.59
,3369.02
,1279.31
,3072.15
,4432.43
,3549.49
,3521.25
,1008.78
,1140.54
,564.61
,1449.65
,750.0
,317.19
,1817.33
,1392.17
,1273.6
,755.85
,1254.87
,3500.0
,180.78
,800.51
,234.55
,724.69
,3385.92
,401.85
,410.92
,644.09
,2094.32
,2080.33
,914.93
,6090.17
,1159.12
,321.28
,1427.58
,4272.11
,1333.33
,3342.89
,1597.77
,2501.94
,371.38
,317.3
,81.36
,0.0
,718.86
,5589.37
,366.55
,779.37
,2107.49
,131.72
,1375.24
,677.68
,5973.81
,1748.71
,4608.5
,1509.46
,0.0
,768.72
,2893.88
,75.27
,4252.54
,561.9
,1050.0
,1023.05
,0.0
,555.03
,597.42
,1184.8
,2265.83
,1152.52
,0.0
,2509.67
,487.69
,0.0
,5750.0
,3545.85
,7241.72
,0.0
,2595.73
,1665.09
,471.75
,2381.46
,2899.55
,837.08
,2354.11
,2333.33
,611.62
,2150.0
,1500.0
,307.04
,502.55
,1408.51
,334.9
,2124.36
,388.55
,368.45
,1000.0
,0.0
,3167.94
,360.98
,388.41
,1712.39
,255.18
,2880.86
,850.89
,492.79
,345.66
,184.23
,272.38
,4264.26
,2970.63
,228.93
,721.97
,0.0
,2890.0
,0.0
,5133.33
,4479.5
,549.45
,368.45
,1762.4
,252.83
,657.96
,1824.93
,4063.33
,632.0
,427.06
,795.59
,1621.41
,394.73
,455.84
,0.0
,442.14
,262.51
,876.67
,2596.01
,207.42
,0.0
,936.41
,741.3
,0.0
,528.0
,3772.0
,234.97
,239.49
,84.43
,120.07
,641.26
,4338.43
,478.98
,436.59
,4091.19
,509.69
,1690.11
,75.42
,596.26
,888.89
,631.72
,2636.0
,354.45
,816.51
,2780.58
,1557.61
,455.03
,0.0
,1712.39
,1675.17
,3365.64
,337.75
,46.33
,911.05
,5317.78
,0.0
,106.17
,135.08
,245.64
,1178.55
,698.1
,0.0
,981.9
,216.95
,0.0
,346.88
,346.75
,765.6
,454.48
,0.0
,90.06
,450.0
,2800.0
,3413.29
,0.0
,239.23
,2929.9
,730.56
,3333.33
,895.0
,0.0
,1935.75
,0.0
,0.0
,4489.58
,4275.0
,0.0
,319.33
,622.68
,0.0
,370.41
,307.04
,215.3
,0.0
,276.34
,41.25
,0.0
,269.13
,0.0
,2816.37
,918.92
,50.0
,1565.82
,0.0
,570.67
,452.64
,2745.0
,630.31
,2481.73
,473.96
,1334.74
,194.46
,341.25
,5036.78
,513.43
,721.97
,541.47
,307.04
,3916.67
,489.91
,508.74
,350.0
,1409.99
,3200.0
,675.5
,618.83
,0.0
,128.52
,257.04
,0.0
,244.77
,1713.15
,3245.42
,364.79
,249.07
,562.29
,833.33
,337.75
,1030.25
,1536.46
,917.35
,503.29
,3188.36
,3411.99
,3758.45
,0.0
,4563.77
,4122.22
,272.7
,440.08
,480.0
,276.94
,307.04
,2977.24
,244.77
,0.0
,0.0
,2833.33
,250.0
,467.55
,112.57
,245.64
,570.0
,421.32
,448.55
,776.0
,648.0
,1177.59
,229.91
,498.24
,5145.83
,533.33
,478.94
,2782.04
,209.32
,0.0
,324.1
,491.27
,348.06
,2231.31
,1079.61
,0.0
,0.0
,0.0
,129.64
,3489.58
,0.0
,216.62
,2680.27
,2646.41
,825.1
,365.67
,453.33
,4825.0
,3950.0
,234.4
,4805.0
,541.47
,2928.53
,1413.34
,3366.02
,1127.81
,478.98
,3182.67
,1766.37
,452.74
,635.43
,358.14
,2851.94
,2300.6
,0.0
,2786.77
,528.69
,3566.67
,532.88
,399.16
,5711.11
,0.0
,4162.33
,661.18
,1105.36
,0.0
,2579.58
,593.62
,132.88
,504.53
,2799.28
,327.51
,0.0
,152.54
,268.23
,720.51
,411.29
,267.59
,0.0
,389.57
,515.69
,2321.05
,448.55
,253.33
,2664.16
,525.88
,368.45
,420.17
,970.75
,269.13
,2510.02
,544.0
,204.55
,2714.26
,461.0
,305.17
,656.0
,389.24
,307.04
,429.86
,0.0
,2478.82
,335.68
,0.0
,670.4
,2265.71
,522.04
,149.23
,245.08
,4644.44
,2304.69
,2263.4
,276.26
,2992.03
,3800.35
,2680.27
,196.71
,491.27
,219.89
,313.25
,0.0
,260.0
,0.0
,429.86
,629.33
,1000.0
,520.0
,0.0
,0.0
,0.0
,0.0
,0.0
,311.0
,327.51
,1678.89
,0.0
,661.0
,3089.0
,453.33
,100.58
,298.69
,362.62
,0.0
,746.39
,379.75
,2123.3
,2345.23
,307.69
,0.0
,2773.46
,982.54
,0.0
,489.91
,3630.09
,4006.0
,2761.09
,620.08
,5033.33
,3266.67
,444.8
,232.21
,4675.0
,274.29
,0.0
,657.93
,415.52
,591.67
,204.84
,0.0
,0.0
,1861.3
,122.93
,3000.0
,225.99
,0.0
,0.0
,2639.09
,3232.0
,283.48
,361.14
,306.28
,358.84
,1817.91
,1136.51
,0.0
,0.0
,278.1
,1342.21
,0.0
,538.26
,2769.61
,4967.88
,0.0
,0.0
,5100.0
,0.0
,0.0
,957.26
,0.0
,3056.25
,3148.67
,0.0
,3039.0
,337.75
,502.38
,101.74
,531.81
,3535.5
,453.33
,960.0
,243.86
,326.36
,825.1
,2456.5
,2124.85
,200.0
,0.0
,269.43
,2850.0
,18.0
,0.0
,258.65
,150.0
,6782.99
,4110.67
,256.27
,387.02
,156.11
,3328.0
,0.0
,0.0
,538.7
,2846.25
,6111.11
,533.33
,435.1
,507.5
,567.26
,567.6
,0.0
,326.31
,2121.88
,6100.0
,341.74
,0.0
,50.66
,2734.02
,0.0
,2304.69
,344.87
,334.83
,0.0
,3268.0
,496.0
,268.33
,450.9
,0.0
,738.67
,4196.1
,2418.0
,367.81
,164.31
,3511.0
,134.11
,162.05
,415.82
,287.39
,1563.49
,0.0
,3882.17
,343.85
,0.0
,0.0
,948.0
,3612.5
,962.55
,514.29
,456.0
,320.0
,108.53
,250.0
,498.14
,355.02
,569.58
,1749.62
,0.0
,636.86
,306.55
,700.0
,5104.4
,2613.87
,3090.02
,210.78
,3839.92
,128.59
,0.0
,0.0
,0.0
,4413.76
,301.89
,488.0
,0.0
,4087.67
,507.6
,0.0
,435.04
,156.46
,1678.37
,552.68
,3833.33
,0.0
,0.0
,1491.05
,3327.32
,280.56
,246.86
,281.63
,1436.06
,2178.0
,4389.0
,2200.0
,218.89
,0.0
,4242.0
,567.26
,3446.3
,613.42
,2937.0
,2243.0
,221.9
,496.02
,3420.8
,315.91
,0.0
,233.35
,124.7
,179.42
,259.28
,184.62
,284.08
,1047.36
,0.0
,686.06
,1685.99
,0.0
,2068.03
,296.97
,1861.3
,3209.3
,3505.5
,205.03
,287.39
,517.3
,1253.33
,408.57
,316.13
,1209.26
,480.0
,148.79
,2697.89
,815.91
,279.58
,1949.29
,411.44
,3628.4
,0.0
,0.0
,157.2
,215.3
,228.49
,281.74
,589.0
,272.4
,2508.93
,480.0
,0.0
,0.0
,4109.33
,738.7
,829.38
,377.44
,191.3
,360.98
,5000.0
,3299.56
,2457.4
,962.08
,0.0
,383.19
,0.0
,0.0
,3386.0
,0.0
,264.71
,3463.69
,0.0
,210.75
,864.03
,421.37
,1106.32
,3147.0
,533.33
,1634.77
,0.0
,1493.77
,0.0
,0.0
,687.59
,2333.46
,287.39
,2502.64
,474.38
,2284.26
,595.36
,730.56
,226.03
,550.07
,2543.0
,843.08
,1848.0
,0.0
,3000.0
,0.0
,410.67
,700.0
,1489.04
,434.84
,308.3
,1459.64
,3186.84
,0.0
,245.64
,0.0
,269.13
,611.93
,883.91
,0.0
,0.0
,0.0
,1490.3
,442.55
,2405.0
,1400.0
,0.0
,179.42
,0.0
,0.0
,0.0
,0.0
,383.19
,360.98
,309.74
,873.53
,2704.0
,269.43
,2883.33
,2978.07
,799.6
,4232.8
,440.75
,304.44
,3710.25
,1290.84
,560.0
,1500.0
,5244.93
,0.0
,360.35
,2272.58
,1882.69
,0.0
,354.25
,2654.0
,0.0
,480.0
,0.0
,81.4
,3480.0
,670.4
,3020.74
,0.0
,4277.78
,1150.2
,2893.81
,1106.43
,394.79
,405.3
,489.55
,383.19
,986.67
,0.0
,4508.66
,3335.17
,245.64
,0.0
,220.69
,532.65
,440.0
,598.55
,760.64
,1066.92
,0.0
,3107.0
,293.72
,344.87
,0.0
,4621.0
,158.18
,844.2
,0.0
,268.23
,618.83
,293.72
,618.83
,640.6
,848.0
,0.0
,1656.14
,584.45
,0.0
,413.01
,347.04
,2091.0
,2728.22
,352.5
,4513.95
,2271.06
,1383.92
,371.3
,2993.62
,0.0
,97.54
,387.77
,179.42
,0.0
,502.55
,229.91
,0.0
,368.45
,203.49
,707.23
,687.3
,2432.18
,497.74
,0.0
,2324.49
,314.0
,318.56
,238.69
,536.66
,0.0
,0.0
,2102.0
,315.0
,2139.59
,1146.11
,3133.33
,300.53
,249.39
,2699.09
,4312.5
,2274.5
,226.63
,543.24
,6306.19
,5635.0
,0.0
,209.8
,2246.46
,200.0
,1327.12
,200.0
,2664.87
,641.06
,2923.0
,0.0
,307.04
,652.66
,500.54
,0.0
,0.0
,2678.0
,0.0
,792.3
,947.2
,2444.0
,2300.8
,248.01
,2381.51
,2867.07
,236.83
,358.84
,0.0
,762.67
,0.0
,241.82
,2687.0
,299.31
,543.55
,0.0
,244.73
,1042.36
,344.87
,2707.86
,4341.67
,2352.22
,2979.01
,341.53
,180.0
,0.0
,2757.26
,3050.0
,0.0
,4083.33
,643.36
,3642.0
,0.0
,0.0
,1845.0
,425.11
,3024.95
,1794.88
,100.84
,650.67
,2526.0
,208.84
,0.0
,0.0
,560.0
,0.0
,0.0
,464.0
,258.37
,4204.17
,231.17
,122.09
,389.82
,184.23
,471.86
,3122.39
,4954.83
,429.86
,4305.0
,2500.0
,287.39
,2624.0
,670.58
,277.27
,0.0
,2192.42
,218.72
,0.0
,156.46
,81.4
,3307.29
,2484.38
,254.23
,2865.0
,358.84
,1633.31
,3817.94
,979.21
,6100.0
,2687.05
,1340.79
,2885.38
,1602.65
,2353.01
,7300.0
,5700.0
,1824.5
,3218.31
,2948.0
,229.77
,229.91
,2936.0
,2877.0
,0.0
,0.0
,3855.0
,242.68
,1906.5
,2861.0
,0.0
,1112.82
,455.84
,3000.0
,0.0
,1830.88
,2537.5
,0.0
,3416.0
,500.0
,773.33
,2824.1
,1501.59
,307.04
,653.08
,245.64
,2362.06
,0.0
,3277.67
,393.05
,722.89
,111.92
,0.0
,582.64
,480.0
,955.03
,419.28
,0.0
,3105.63
,2476.3
,0.0
,187.98
,4178.88
,106.96
,3239.88
,175.0
,25.0
,0.0
,754.66
,1722.0
,2125.05
,0.0
,192.22
,880.0
,3689.0
,0.0
,1035.69
,6233.33
,2446.63
,5289.25
,4100.0
,0.0
,1573.19
,344.87
,3458.74
,2867.0
,0.0
,78.04
,0.0
,2678.23
,6014.5
,3352.0
,306.55
,2107.49
,958.79
,380.75
,0.0
,1688.31
,1844.05
,320.84
,3374.0
,520.0
,2000.0
,0.0
,0.0
,1577.74
,721.75
,1863.81
,400.0
,537.33
,0.0
,1491.05
,3566.2
,3864.0
,3460.62
,1116.97
,192.22
,0.0
,1766.78
,1914.4
,0.0
,679.12
,2720.42
,383.19
,480.0
,0.0
,773.53
,454.89
,370.65
,322.96
,2180.67
,412.55
,191.59
,307.04
,0.0
,720.0
,299.75
,613.1
,2423.61
,0.0
,445.45
,290.43
,436.0
,2950.0
,242.86
,0.0
,0.0
,517.3
,465.39
,412.55
,2550.2
,0.0
,675.5
,164.95
,2175.05
,450.0
,1964.09
,331.46
,290.69
,0.0
,640.0
,0.0
,230.06
,878.96
,4473.86
,3382.5
,2119.21
,246.01
,1938.91
,0.0
,343.35
,2323.2
,2966.0
,2033.73
,342.67
,81.4
,0.0
,3090.99
,2593.85
,446.75
,2204.08
,344.49
,0.0
,2044.67
,950.0
,2358.55
,184.23
,501.79
,0.0
,5591.94
,2173.0
,501.42
,1400.0
,0.0
,271.0
,2679.28
,2370.93
,1854.59
,191.3
,0.0
,5855.97
,2977.0
,2316.0
,3722.32
,0.0
,2387.0
,4391.67
,3198.0
,5080.0
,442.14
,661.13
,1559.63
,2711.29
,708.14
,0.0
,0.0
,1369.87
,0.0
,0.0
,1791.37
,2704.86
,160.64
,289.32
,698.33
,417.01
,0.0
,249.07
,440.0
,2881.42
,2528.99
,0.0
,252.65
,179.42
,896.49
,443.49
,2520.03
,0.0
,2950.49
,36.61
,3341.92
,3219.0
,0.0
,1138.04
,2221.9
,1595.97
,614.09
,342.91
,0.0
,2785.0
,396.15
,0.0
,632.33
,260.07
,0.0
,216.99
,3058.0
,1016.0
,337.75
,0.0
,376.76
,174.34
,2297.16
,320.65
,879.19
,2761.61
,962.08
,0.0
,1854.7
,2454.0
,473.18
,320.0
,2528.99
,503.55
,142.44
,0.0
,875.18
,3766.67
,0.0
,282.97
,916.52
,0.0
,1765.02
,716.81
,783.19
,40.0
,383.11
,4124.74
,2560.21
,3639.0
,301.87
,191.3
,4674.0
,325.0
,0.0
,2162.64
,2367.34
,164.61
,0.0
,362.05
,1369.87
,380.49
,550.32
,532.26
,2460.33
,4815.0
,2791.0
,3740.95
,1369.87
,377.79
,0.0
,202.65
,1547.69
,0.0
,1565.47
,1527.93
,4241.33
,1264.49
,182.82
,0.0
,0.0
,2878.2
,850.89
,309.41
,5871.11
,603.66
,1200.0
,282.5
,438.34
,216.99
,3554.34
,2975.61
,789.56
,435.74
,2324.0
,0.0
,3070.0
,0.0
,2352.38
,3075.0
,0.0
,298.74
,0.0
,0.0
,0.0
,0.0
,89.41
,0.0
,1024.67
,576.01
,3055.86
,2422.0
,0.0
,0.0
,341.4
,0.0
,2681.0
,2669.49
,368.45
,210.75
,365.63
,0.0
,3398.0
,0.0
,0.0
,1927.7
,232.34
,290.58
,0.0
,3519.0
,203.49
,131.98
,4404.66
,2335.8
,6216.73
,1475.24
,2596.0
,3055.43
,3274.68
,478.98
,5000.0
,859.72
,0.0
,4048.15
,0.0
,760.0
,523.34
,383.19
,2318.24
,3583.33
,210.35
,541.71
,4435.78
,316.13
,215.3
,4948.0
,3680.7
,871.97
,1238.36
,2368.0
,287.39
,177.07
,0.0
,800.0
,0.0
,0.0
,322.96
,2985.61
,2686.79
,2209.18
,957.56
,0.0
,232.35
,291.73
,567.26
,3266.0
,0.0
,969.11
,1083.51
,0.0
,3058.11
,321.79
,2822.0
,0.0
,0.0
,2885.0
,0.0
,1590.9
,1554.27
,1839.91
,278.47
,0.0
,4389.0
,316.67
,3500.0
,1431.37
,2768.12
,574.78
,788.81
,0.0
,455.53
,330.56
,1176.68
,3856.0
,182.01
,0.0
,796.32
,0.0
,0.0
,1080.09
,1752.73
,2000.09
,257.84
,2107.49
,310.46
,0.0
,1844.05
,162.79
,655.24
,477.01
,415.91
,815.86
,1211.81
,3496.0
,271.24
,3206.0
,3335.17
,2146.13
,3161.24
,1738.68
,0.0
,0.0
,2688.0
,400.0
,0.0
,3587.0
,1700.0
,0.0
,935.45
,245.64
,238.69
,7000.0
,0.0
,400.0
,0.0
,2177.74
,3400.0
,2497.29
,1800.0
,4198.0
,2275.5
,5016.67
,427.06
,0.0
,2815.59
,0.0
,1710.8
,910.07
,715.49
,0.0
,358.84
,357.5
,229.91
,0.0
,167.23
,611.55
,2054.8
,368.45
,0.0
,0.0
,1308.4
,285.77
,472.23
,1093.88
,325.49
,5188.05
,2739.74
,0.0
,2107.49
,0.0
,2895.05
,0.0
,2704.34
,2460.0
,594.23
,2378.53
,329.86
,373.61
,639.1
,0.0
,1713.15
,185.0
,2796.56
,1511.21
,0.0
,0.0
,2692.84
,0.0
,0.0
,0.0
,1350.0
,3175.29
,2212.86
,3115.57
,375.83
,721.37
,2166.5
,3114.4
,2126.63
,0.0
,1534.84
,717.52
,855.4
,4660.07
,326.36
,375.0
,393.0
,1870.4
,0.0
,737.62
,614.09
,428.4
,4876.0
,290.54
,825.43
,3371.98
,650.0
,2340.63
,4700.0
,0.0
,2462.49
,445.84
,556.61
,4232.0
,397.82
,2906.0
,1497.82
,0.0
,2886.0
,400.0
,261.62
,3149.0
,3300.5
,289.32
,3668.0
,313.17
,2276.09
,412.55
,3188.0
,5137.0
,5057.98
,2704.61
,271.96
,111.92
,3685.0
,0.0
,0.0
,2820.26
,0.0
,0.0
,7135.0
,0.0
,553.7
,0.0
,0.0
,5166.67
,160.0
,0.0
,7125.0
,734.11
,491.27
,283.34
,1984.55
,319.42
,1299.62
,0.0
,0.0
,533.33
,600.0
,653.49
,3320.0
,3793.0
,0.0
,4811.0
,2423.61
,527.61
,0.0
,0.0
,1685.99
,0.0
,1909.91
,1317.18
,2388.84
,1131.86
,520.66
,1116.78
,1906.5
,2220.24
,2770.72
,2002.12
,1772.93
,655.81
,113.67
,0.0
,629.16
,4112.0
,5690.0
,7500.0
,7833.33
,1598.18
,2324.7
,0.0
,506.66
,2711.0
,3177.79
,735.71
,0.0
,526.66
,299.46
,135.59
,4059.0
,0.0
,2371.17
,736.0
,0.0
,768.0
,269.13
,862.75
,2925.0
,702.5
,0.0
,661.13
,2423.61
,0.0
,736.91
,2470.85
,0.0
,756.06
,2478.0
,0.0
,2992.0
,895.68
,1031.38
,3643.78
,2560.6
,0.0
,3741.25
,3280.0
,2821.0
,2490.75
,479.66
,4463.0
,1527.93
,0.0
,2422.21
,5400.51
,335.29
,2196.17
,0.0
,0.0
,426.67
,3119.7
,0.0
,2829.0
,0.0
,1025.46
,229.91
,2643.43
,4100.83
,383.04
,638.26
,3889.0
,3383.0
,3824.0
,911.68
,0.0
,0.0
,221.07
,2000.0
,0.0
,301.65
,597.26
,2988.95
,836.52
,0.0
,561.82
,243.86
,0.0
,402.35
,2133.33
,2326.74
,0.0
,4088.0
,3082.2
,4728.33
,2062.41
,20.0
,224.28
,0.0
,2571.14
,188.39
,2802.0
,478.98
,257.92
,737.62
,0.0
,0.0
,2100.0
,492.36
,974.71
,380.0
,2669.49
,2954.0
,713.61
,1300.06
,256.67
,260.39
,0.0
,3132.0
,279.25
,4066.67
,2794.77
,280.75
,2745.7
,2597.67
,0.0
,2385.46
,0.0
,415.0
,1965.23
,576.01
,253.16
,2038.16
,0.0
,0.0
,400.0
,2422.16
,3288.0
,1290.84
,2209.0
,103.05
,1965.3
,800.71
,2970.0
,2604.0
,201.67
,3967.0
,264.7
,214.58
,5000.0
,2414.83
,383.19
,1738.68
,3336.77
,3384.58
,30.0
,888.39
,3000.0
,3615.0
,0.0
,4947.56
,0.0
,1489.04
,3388.8
,352.18
,1036.72
,3249.05
,0.0
,421.5
,0.0
,345.61
,5547.6
,0.0
,2581.68
,2272.86
,185.0
,2751.24
,0.0
,1080.0
,2186.52
,0.0
,0.0
,0.0
,626.85
,288.0
,345.39
,0.0
,0.0
,0.0
,3266.61
,0.0
,2370.18
,3279.78
,3411.5
,1994.09
,0.0
,2266.0
,1488.42
,2634.25
,2950.49
,3325.27
,1390.94
,960.0
,368.82
,2421.0
,2398.5
,2471.46
,0.0
,4451.0
,3448.13
,0.0
,2739.74
,0.0
,3468.0
,329.07
,2483.33
,1049.88
,2033.73
,3070.0
,0.0
,0.0
,901.5
,5177.78
,3819.83
,560.0
,308.26
,178.81
,1340.79
,1791.37
,0.0
,635.11
,0.0
,3073.42
,4015.89
,293.72
,1159.54
,792.3
,969.11
,412.55
,0.0
,2398.5
,0.0
,1339.76
,0.0
,1476.0
,0.0
,325.49
,405.5
,4655.0
,2885.0
,855.4
,653.59
,1975.77
,478.98
,0.0
,2944.0
,0.0
,0.0
,2014.59
,2777.67
,0.0
,2571.14
,3212.0
,2280.3
,2669.84
,0.0
,0.0
,3530.05
,2793.0
,162.74
,3000.0
,1975.0
,2094.14
,554.47
,478.98
,2133.31
,743.74
,229.91
,254.54
,3554.0
,3124.2
,0.0
,229.24
,2107.49
,2142.62
,353.68
,2774.5
,1735.17
,7089.0
,0.0
,2693.0
,0.0
,0.0
,3616.67
,0.0
,0.0
,353.55
,3816.92
,326.13
,0.0
,766.27
,0.0
,0.0
,107.65
,2977.18
,0.0
,3313.6
,198.73
,609.86
,1299.62
,2747.27
,433.11
,460.0
,642.25
,2388.75
,5000.0
,429.86
,4100.0
,0.0
,0.0
,2075.88
,211.44
,0.0
,0.0
,412.81
,384.01
,0.0
,350.17
,0.0
,296.88
,2444.0
,0.0
,2212.86
,7388.89
,564.42
,4214.98
,3381.33
,2242.97
,0.0
,797.72
,0.0
,0.0
,2458.74
,4700.0
,900.08
,3609.71
,1300.0
,463.25
,0.0
,1659.65
,1280.0
,4349.78
,4795.0
,350.0
,0.0
,411.84
,2100.0
,186.96
,2634.36
,2779.25
,1090.63
,2458.91
,287.39
,1306.64
,3290.8
,1685.99
,0.0
,4970.83
,4467.33
,2247.99
,2839.26
,513.65
,285.13
,6054.55
,0.0
,2502.64
,0.0
,0.0
,2644.5
,0.0
,495.66
,4237.0
,4000.0
,0.0
,3116.0
,0.0
,264.01
,3567.16
,0.0
,0.0
,831.32
,0.0
,3163.0
,239.0
,2351.43
,1197.56
,154.89
,2330.17
,533.24
,4077.0
,2737.0
,305.45
,4564.6
,2091.0
,2328.88
,203.49
,1568.25
,525.27
,944.62
,317.52
,714.06
,156.1
,0.0
,3867.24
,0.0
,4155.63
,3033.82
,2700.0
,2758.0
,3233.0
,3338.0
,280.19
,223.05
,619.21
,2743.0
,0.0
,0.0
,1200.0
,407.95
,233.25
,7700.0
,1470.79
,1448.9
,0.0
,288.45
,4162.79
,0.0
,287.07
,1527.93
,2019.68
,301.75
,350.83
,2320.0
,768.0
,2373.35
,3045.36
,5189.0
,3046.65
,2091.0
,2062.71
,3690.0
,205.06
,2054.8
,252.23
,0.0
,0.0
,0.0
,1703.55
,0.0
,2441.53
,666.87
,1413.54
,2864.0
,605.9
,2165.45
,2535.51
,4397.0
,0.0
,1742.19
,76.89
,4212.0
,4281.0
,514.4
,0.0
,2678.03
,0.0
,0.0
,1312.9
,2493.5
,0.0
,678.43
,3744.0
,1504.51
,2950.49
,1791.37
,6800.0
,5500.0
,2820.0
,600.0
,304.11
,0.0
,0.0
,4100.0
,2661.0
,0.0
,600.0
,3800.0
,143.54
,0.0
,3097.89
,5692.0
,2841.07
,4927.66
,510.24
,1001.06
,4514.0
,1316.01
,0.0
,230.51
,654.06
,2975.6
,3362.0
,3716.0
,3258.91
,1404.99
,173.0
,0.0
,188.89
,191.22
,762.46
,2634.36
,894.85
,0.0
,247.83
,1261.71
,3025.73
,359.59
,1270.7
,0.0
,385.35
,0.0
,227.41
,667.83
,4741.85
,3378.16
,1225.66
,1372.26
,3553.33
,0.0
,1070.65
,1963.8
,3533.18
,1040.0
,967.51
,2235.67
,2498.5
,790.31
,0.0
,1600.0
,0.0
,1106.43
,7291.67
,2004.75
,0.0
,831.3
,637.17
,2278.72
,1475.24
,563.59
,1253.96
,6512.0
,807.87
,493.44
,387.55
,663.53
,5081.02
,313.08
,890.41
,1053.75
,3980.0
,2091.0
,0.0
,2212.86
,3720.0
,3291.67
,716.4
,2067.97
,1854.59
,0.0
,3751.5
,403.96
,1685.99
,535.21
,2634.36
,253.16
,0.0
,1317.18
,614.94
,1595.37
,2212.86
,3316.0
,2519.82
,3033.82
,909.44
,825.57
,0.0
,5356.84
,0.0
,1101.69
,2421.09
,475.21
,247.83
,85.71
,0.0
,0.0
,2213.92
,0.0
,0.0
,0.0
,0.0
,0.0
,0.0
,7404.0
,1926.99
,721.36
,1791.37
,270.33
,3675.46
,3280.0
,0.0
,684.93
,2433.67
,5852.0
,2214.0
,2936.0
,2951.0
,476.33
,0.0
,1132.78
,0.0
,1194.24
,3566.67
,3936.0
,1633.31
,0.0
,0.0
,0.0
,489.61
,4664.0
,2513.3
,852.86
,880.76
,786.75
,2318.24
,3214.87
,2052.7
,1041.45
,1874.3
,0.0
,2214.0
,1896.74
,3071.26
,2460.0
,618.83
,2001.38
,1962.6
,0.0
,0.0
,389.56
,687.73
,784.54
,2725.95
,2909.51
,860.56
,2460.0
,1614.77
,2866.93
,0.0
,1400.12
,789.78
,2897.8
,3371.98
,411.74
,2739.74
,0.0
,671.1
,679.92
,227.94
,0.0
,0.0
,535.21
,2425.0
,0.0
,219.95
,327.95
,278.81
,0.0
,423.06
,0.0
,3087.75
,3798.0
,2047.93
,738.84
,2952.0
,0.0
,1369.87
,2107.49
,1380.41
,3266.61
,1168.83
,0.0
,2819.0
,601.45
,846.0
,0.0
,2646.31
,2152.5
,0.0
,2392.53
,3258.91
,356.56
,753.49
,345.61
,359.08
,0.0
,598.26
,316.81
,2311.27
,0.0
,1264.49
,3275.88
,0.0
,2640.0
,614.06
,1422.56
,3417.82
,683.76
,864.07
,309.79
,253.16
,0.0
,773.1
,0.0
,2100.0
,66.98
,0.0
,0.0
,2592.21
,2555.33
,5589.0
,3997.5
,0.0
,895.68
,2954.0
,648.0
,3690.0
,274.87
,430.71
,5845.0
,1053.75
,2081.15
,3075.0
,681.07
,1032.67
,2955.76
,727.08
,259.7
,1826.49
,1685.99
,871.6
,359.79
,0.0
,1138.4
,2693.0
,3398.0
,0.0
,3084.0
,0.0
,0.0
,3936.0
,659.72
,0.0
,305.0
,742.19
,1857.4
,561.61
,3232.79
,345.61
,511.68
,1844.05
,0.0
,679.3
,2952.0
,0.0
,2713.39
,3148.06
,2577.46
,3074.64
,1298.02
,2192.0
,0.0
,0.0
,901.5
,0.0
,3556.39
,627.99
,2332.64
,2508.97
,614.41
,482.53
,4000.0
,2536.66
,1968.0
,600.55
,0.0
,0.0
,3608.0
,3200.0
,0.0
,205.88
,2460.5
,1053.75
,3579.57
,487.66
,6000.0
,766.19
,0.0
,823.24
,5000.0
,639.69
,2500.0
,822.23
,0.0
,449.2
,951.64
,0.0
,0.0
,552.68
,655.72
,245.11
,998.65
,301.87
,251.84
,321.12
,1573.59
,930.19
,816.65
,0.0
,371.72
,1803.8
,3444.0
,0.0
,948.37
,680.34
,287.07
,2594.85
,2669.49
,2869.72
,1527.93
,5702.75
,2084.85
,1015.23
,0.0
,3216.67
,245.64
,3688.11
,3203.46
,2148.32
,2569.03
,419.88
,0.0
,720.01
,4000.0
,2380.41
,0.0
,877.32
,600.0
,340.17
,432.01
,383.05
,0.0
,0.0
,646.53
,1580.62
,515.69
,432.01
,5000.0
,3503.62
,5600.0
,3596.28
,4300.0
,3750.0
,773.62
,3898.86
,2745.19
,0.0
,0.0
,778.65
,604.21
,1140.54
,1297.76
,403.96
,0.0
,578.85
,1127.51
,108.48
,1230.0
,628.47
,924.31
,0.0
,1123.99
,2029.5
,0.0
,1805.59
,1006.82
,0.0
,0.0
,3205.15
,1095.45
,0.0
,6000.0
,2767.5
,2665.0
,2710.5
,3376.97
,737.39
,3718.87
,2160.18
,0.0
,948.37
,1130.49
,0.0
,513.92
,947.53
,2908.46
,2197.06
,2247.99
,2201.96
,4620.0
,2232.89
,122.03
,617.06
,700.0
,2568.96
,3825.22
,977.19
,0.0
,5268.73
,577.54
,0.0
,253.16
,0.0
,4498.04
,3474.75
,677.91
,221.81
,645.53
,1580.62
,2642.36
,198.91
,133.96
,0.0
,305.62
,0.0
,0.0
,0.0
,427.87
,2583.64
,895.68
,707.05
,2188.18
,0.0
,1670.19
,2002.12
,2081.77
,0.0
,896.42
,0.0
,3690.0
,2054.8
,4778.64
,261.92
,1738.68
,0.0
,300.0
,0.0
,0.0
,0.0
,0.0
,386.77
,0.0
,228.08
,0.0
,0.0
,0.0
,331.61
,896.66
,4166.67
,2397.27
,382.35
,883.39
,673.61
,0.0
,2739.74
,432.01
,0.0
,0.0
,806.31
,1122.85
,0.0
,8888.0
,0.0
,3600.99
,0.0
,0.0
,2460.0
,3161.24
,4850.0
,147.06
,1264.49
,3150.0
,0.0
,1154.55
,1229.87
,0.0
,0.0
,2150.0
,2107.49
,5983.32
,0.0
,2195.3
,0.0
,0.0
,2800.0
,4500.0
,2275.76
,0.0
,0.0
,0.0
,0.0
,0.0
,4056.92
,0.0
,3561.11
,469.75
,1633.31
,0.0
,9000.0
,0.0
,5582.65
,4810.5
,0.0
,0.0
,0.0
,4193.91
,889.36
,0.0
,1159.12
,0.0
,0.0
,345.61
,0.0
,800.46
,497.24
,2803.17
,2000.0
,2577.04
,0.0
,833.25
,0.0
,8000.0
,1343.53
,0.0
,0.0
,0.0
,697.99
,643.62
,663.6
,141.67
,0.0
,996.0
,209.8
,6410.7
,3000.0
,4486.0
,0.0
,0.0
,537.61
,0.0
,7935.38
,1685.99
,3288.02
,3055.86
,616.8
,264.71
,283.34
,854.22
,0.0
,2212.86
,0.0
,3612.72
,0.0
,737.62
,0.0
,0.0
,792.01
,0.0
,468.77
,256.32
,7051.77
,2081.15
,5342.25
,0.0
,0.0
,0.0
,8346.0
,421.15
,601.51
,0.0
,464.09
,558.48
,5947.71
,803.48
,1112.69
,2092.74
,0.0
,2778.2
,1053.75
,1410.32
,0.0
,3333.33
,1527.93
,3538.39
,916.76
,345.61
,2555.33
,0.0
,0.0
,2423.61
,2773.0
,0.0
,747.04
,0.0
,0.0
,2421.03
,7000.0
,4000.0
,3000.0
,2105.35
,0.0
,1270.09
,5000.0
,0.0
,0.0
,0.0
,5333.33
,2869.7
,1159.12
,0.0
,2775.0
,0.0
,0.0
,526.87
,403.96
,339.88
,0.0
,2157.02
,0.0
,744.49
,4808.03
,7021.59
,1849.91
,6944.93
,3967.35
,422.95
,2692.12
,5141.92
,843.0
,321.24
,6222.22
,1058.84
,1001.06
,3161.24
,0.0
,3075.0
,195.88
,1560.86
,974.71
,2511.43
,0.0
,2072.37
,0.0
,0.0
,0.0
,342.12
,0.0
,0.0
,6500.0
,241.5
,289.79
,0.0
,0.0
,856.69
,205.06
,208.79
,0.0
,0.0
,1896.74
,2500.0
,448.84
,2107.49
,259.82
,0.0
,0.0
,902.46
,0.0
,2569.38
,0.0
,0.0
,585.88
,0.0
,5164.18
,0.0
,0.0
,957.85
,2227.34
,0.0
,926.89
,0.0
,0.0
,3200.0
,1264.49
,384.6
,0.0
,0.0
,1427.82
,0.0
,760.0
,0.0
,0.0
,1185.46
,1387.43
,2493.86
,6250.0
,0.0
,447.07
,1838.02
,0.0
,0.0
,418.11
,906.22
,809.28
,0.0
,4000.0
,671.76
,0.0
,3936.0
,0.0
,1164.68
,0.0
,0.0
,2599.54
,5000.0
,0.0
,0.0
,5000.0
,360.44
,372.59
,806.12
,1685.99
,7443.54
,1122.24
,254.91
,0.0
,676.62
,2107.49
,5608.33
,2574.65
,1475.24
,1738.68
,169.79
,0.0
,0.0
,1293.47
,4808.03
,684.93
,912.33
,0.0
,701.34
,667.37
,0.0
,1468.08
,0.0
,2423.61
,1159.12
,1433.09
,1383.04
,0.0
,0.0
,0.0
,0.0
,1177.34
,3082.52
,843.0
,0.0
,3750.0
,1536.71
,0.0
,0.0
,800.0
,948.37
,1875.67
,1238.15
,1996.85
,0.0
,1159.12
,1003.69
,2634.36
,0.0
,1159.12
,0.0
,6250.0
,0.0
,0.0
,0.0
,432.97
,843.0
,843.0
,633.33
,0.0
,0.0
,1001.06
,0.0
,433.13
,3499.49
,864.07
,0.0
,0.0
,0.0
,0.0
,0.0
,0.0
,948.37
,0.0
,1327.72
,0.0
,3442.23
,0.0
,0.0
,4000.0
,0.0
,0.0
,1369.87
,0.0
,0.0
,228.38
,974.71
,0.0
,1159.12
,0.0
,0.0
,7055.4
,442.18
,0.0
,0.0
,0.0
,0.0
,0.0
,0.0
,2000.0
,350.9
,330.01
,0.0
,0.0
,0.0
,684.93
,0.0
,0.0
,0.0
,0.0
,547.95
,0.0
,0.0
,322.6
,0.0
,12821.4
,4273.8
,1106.43
,0.0
,2107.49
,2730.0
,0.0
,0.0
,5795.6
,8061.99
,0.0
,407.66
,1583.33
,0.0
,0.0
,0.0
,0.0
,0.0
,0.0
,0.0
,0.0
,282.95
,339.58
,0.0
,0.0
,1053.75
,1513.01
,449.95
,0.0
,0.0
,0.0
,1159.12
,0.0
,0.0
,0.0
,0.0
,0.0
,0.0
,0.0
,700.52
,0.0
,146.76
,1053.75
,224.35
,282.55
,0.0
,400.0
,5128.56
,0.0
,0.0
,526.48
,0.0
,368.81
,737.62
,2107.49
,0.0
,3161.24
,448.84
,1896.74
,2151.4
,0.0
,0.0
,0.0
,2031.39
,0.0
,0.0
,948.37
,2358.37
,0.0
,0.0
,2539.76
,260.39
,0.0
,2142.62
,422.95
,834.1
,471.29
,7964.84
,570.03
,659.8
,291.71
,448.84
,2651.93
,0.0
,339.58
,0.0
,302.95
,1226.08
,936.29
,1264.49
,724.45
,403.96
,316.12
,0.0
,0.0
,526.87
,6164.41
,0.0
,368.81
,0.0
,273.97
,553.04
,0.0
,350.0
,283.67
,0.0
,0.0
,2186.14
,395.15
,442.57
,4252.54
,0.0
,0.0
,684.93
,1578.11
,766.27
,822.62
,0.0
,0.0
,2812.7
,1369.87
,6172.0
,4335.0
,563.44
,2537.0
,1644.37
,2571.09
,2644.5
,299.46
,1852.87
,319.32
,201.16
,0.0
,2151.22
,0.0
,0.0
,0.0
,147.52
,1273.28
,0.0
,1211.81
,1317.18
,0.0
,3300.0
,4291.67
,0.0
,1514.76
,560.0
,0.0
,0.0
,0.0
,2550.61
,3695.0
,3247.2
,1598.18
,3759.0
,2881.0
,1971.38
,2737.0
,3500.0
,2083.33
,240.0
,2425.54
,0.0
,2727.0
,0.0
,2513.98
,5022.0
,4950.0
,2500.0
,0.0
,0.0
,0.0
,2613.29
,2985.61
,3178.0
,0.0
,3571.0
,1422.56
,216.98
,2791.66
,1264.49
,5488.0
,3693.38
,1369.87
,4478.42
,2259.62
,1721.12
,3344.0
,376.28
,3050.0
,2089.93
,3688.11
,302.04
,4632.19
,1606.96
,1861.0
,1685.99
,3236.0
,2493.69
,1597.74
,1206.54
,2491.67
,0.0
,7186.0
,4076.32
,0.0
,2652.0
,170.52
,8466.0
,5000.0
,1404.99
,1290.84
,0.0
,0.0
,1159.12
,0.0
,843.0
,2460.0
,0.0
,2402.54
,0.0
,0.0
,0.0
,3224.0
,5000.0
,3136.5
,1053.75
,1748.87
,6709.6
,1949.43
,425.01
,4166.67
,326.13
,4436.0
,5700.0
,1837.03
,3462.67
,846.51
,3696.0
,0.0
,2000.0
,1042.73
,2845.11
,0.0
,528.64
,3202.0
,4169.0
,2576.41
,2486.0
,2029.51
,3870.81
,0.0
,0.0
,0.0
,2107.49
,4425.73
,1893.58
,0.0
,3909.0
,2893.0
,0.0
,2107.49
,1992.14
,0.0
,788.81
,4750.0
,0.0
,0.0
,0.0
,302.23
,0.0
,560.0
,2884.0
,1620.0
,3637.0
,1510.37
,8023.23
,2800.0
,0.0
,0.0
,4500.0
,2364.54
,3517.84
,0.0
,0.0
,946.57
,2460.0
,2779.31
,0.0
,2706.67
,0.0
,2845.11
,2317.33
,5750.0
,1306.64
,4483.33
,2107.49
,5000.0
,0.0
,5000.0
,2720.0
,0.0
,1290.84
,5375.0
,1689.86
,6583.33
,2428.88
,3232.0
,6613.86
,1630.53
,3161.24
,0.0
,2500.0
,0.0
,2548.42
,309.79
,3500.0
,1354.06
,0.0
,0.0
,4833.33
,0.0
,0.0
,5600.0
,1888.31
,2318.24
,0.0
,0.0
,676.12
,3000.0
,2442.23
,4268.4
,0.0
,961.54
,417.61
,0.0
,0.0
,2903.0
,0.0
,3454.3
,5373.0
,2107.49
,3814.0
,3693.75
,6020.83
,0.0
,2832.8
,6250.0
,1422.56
,2400.0
,1304.01
,2500.0
,0.0
,3047.08
,1596.42
,5416.67
,4411.83
,721.97
,5400.0
,4738.0
,0.0
,0.0
,0.0
,2107.49
,2634.36
,0.0
,0.0
,0.0
,0.0
,2207.85
,7666.67
,0.0
,1001.06
,3458.7
,0.0
,0.0
,0.0
,0.0
,0.0
,1000.0
,1685.99
,6000.0
,0.0
,5428.87
,0.0
,5500.0
,3000.0
,2465.76
,3573.15
,0.0
,1369.87
,1500.0
,1852.87
,1475.24
,2054.8
,5416.67
,1230.55
,0.0
,0.0
,0.0
,492.39
,0.0
,0.0
,2000.0
,0.0
,0.0
,788.81
,0.0
,0.0
,2466.02
,0.0
,790.31
,3566.67
,1896.74
,0.0
,0.0
,843.0
,2634.36
,0.0
,1738.68
,2201.96
,0.0
,1333.0
,0.0
,5680.56
,2800.0
,790.31
,0.0
,0.0
,143.54
,1668.43
,1606.96
,2423.61
,1396.21
,368.45
,684.32
,1791.37
,1264.49
,2802.17
,0.0
,1440.12
,513.61
,2634.36
,0.0
,161.32
,0.0
,0.0
,698.42
,8333.33
,1422.56
,5414.67
,0.0
,3242.84
,991.15
,0.0
,3688.11
,0.0
,0.0
,1667.77
,0.0
,837.73
,0.0
,4361.11
,0.0
,0.0
,0.0
,3000.0
,1475.24
,0.0
,1844.05
,0.0
,4541.17
,0.0
,5159.84
,0.0
,5200.0
,1159.12
,2107.49
,829.05
,0.0
,679.67
,1297.76
,1796.64
,1410.26
,1061.65
,0.0
,0.0
,2646.04
,2246.4
,1845.0
,0.0
,2362.49
,2107.49
,1475.24
,5416.0
,4250.0
,1404.99
,2774.27
,2045.32
,3371.98
,711.28
,0.0
,902.58
,1492.1
,2600.0
,2458.7
,0.0
,1440.12
,5291.67
,1185.46
,0.0
,5000.0
,4004.23
,0.0
,2031.09
,1369.87
,0.0
,0.0
,837.59
,850.9
,0.0
,0.0
,1756.24
,0.0
,0.0
,0.0
,0.0
,841.94
,3452.42
,1965.32
,379.35
,1562.24
,4000.0
,4000.0
,2408.74
,7666.0
,0.0
,0.0
,0.0
,0.0
,1023.71
,2153.03
,0.0
,0.0
,948.37
,480.0
,0.0
,1861.3
,1765.02
,0.0
,0.0
,1159.12
,387.78
,0.0
,2265.55
,0.0
,0.0
,0.0
,1369.87
,0.0
,0.0
,574.78
,4000.0
,2554.99
,2500.0
,0.0
,0.0
,484.44
,0.0
,2578.5
,2834.0
,2060.44
,0.0
,2423.61
,1038.21
,0.0
,0.0
,311.99
,0.0
,1580.62
,0.0
,4214.98
,0.0
,2850.0
,1953.82
,534.32
,1598.18
,1817.3
,0.0
,0.0
,0.0
,0.0
,4583.33
,2344.58
,0.0
,0.0
,6583.33
,0.0
,2000.0
,1580.62
,6000.0
,0.0
,3055.86
,1264.49
,0.0
,4236.0
,0.0
,0.0
,591.3
,3161.24
,3000.0
,0.0
,0.0
,974.71
,0.0
,0.0
,244.77
,632.25
,1563.06
,0.0
,0.0
,4162.29
,0.0
,3500.0
,2318.24
,948.37
,0.0
,0.0
,1580.62
,2250.0
,1369.87
,0.0
,1200.0
,2567.28
,0.0
,0.0
,1535.68
,0.0
,0.0
,0.0
,0.0
,0.0
,0.0
,1554.27
,935.88
,1593.47
,1080.09
,2000.0
,3240.27
,0.0
,361.65
,2107.49
,470.0
,1896.74
,0.0
,0.0
,2816.37
,0.0
,0.0
,0.0
,2766.67
,0.0
,3016.67
,1580.62
,0.0
,0.0
,2055.17
,0.0
,0.0
,0.0
,0.0
,0.0
,232.21
,3730.0
,0.0
,1422.56
,0.0
,0.0
,0.0
,0.0
,456.01
,0.0
,0.0
,0.0
,948.37
,0.0
,1704.64
,0.0
,0.0
,0.0
,0.0
,0.0
,2900.0
,1404.99
,3020.74
,0.0
,0.0
,0.0
,6083.33
,170.04
,0.0
,0.0
,0.0
,1614.77
,0.0
,2333.33
,2107.49
,478.98
,0.0
,2964.6
,0.0
,0.0
,0.0
,1685.99
,0.0
,1264.49
,0.0
,0.0
,0.0
,1159.12
,0.0
,703.37
,2230.43
,3750.0
,2902.01
,7650.0
,0.0
,0.0
,3161.24
,1896.74
,321.12
,0.0
,0.0
,0.0
,0.0
,0.0
,2249.71
,0.0
,1983.63
,3003.17
,0.0
,0.0
,0.0
,0.0
,0.0
,0.0
,2107.49
,0.0
,1211.81
,1369.87
,0.0
,0.0
,2120.02
,0.0
,2275.76
,5750.0
,2513.91
,0.0
,2566.67
,2742.0
,5100.0
,0.0
,0.0
,0.0
,0.0
,1369.87
,0.0
,2423.61
,0.0
,2634.36
,829.82
,0.0
,869.34
,0.0
,0.0
,0.0
,330.56
,2054.8
,0.0
,0.0
,3383.13
,478.98
,6500.0
,0.0
,0.0
,2400.0
,2718.32
,1264.49
,0.0
,2730.0
,325.71
,0.0
,428.16
,0.0
,3038.85
,1369.87
,1404.99
,0.0
,3300.0
,1264.49
,564.96
,0.0
,1703.55
,0.0
,1435.73
,3500.0
,0.0
,0.0
,0.0
,6410.7
,0.0
,0.0
,2076.93
,1475.24
,1580.62
,961.29
,0.0
,2223.45
,216.99
,7300.0
,0.0
,2916.67
,0.0
,0.0
,0.0
,2107.49
,0.0
,0.0
,594.6
,0.0
,4478.42
,376.28
,2834.87
,1500.0
,3800.0
,0.0
,4417.27
,1146.35
,3333.33
,0.0
,0.0
,0.0
,3604.0
,4200.0
,1185.84
,4000.0
,0.0
,0.0
,2107.49
,1750.0
,0.0
,0.0
,0.0
,0.0
,0.0
,1200.0
,1384.27
,0.0
,1080.09
,0.0
,0.0
,0.0
,0.0
,658.59
,579.56
,3510.0
,0.0
,452.74
,0.0
,2412.51
,1081.8
,0.0
,843.0
,1500.0
,2284.52
,737.62
,2583.0
,4000.0
,913.59
,0.0
,0.0
,0.0
,0.0
,5000.0
,0.0
,1527.93
,662.97
,0.0
,0.0
,0.0
,2174.65
,2466.61
,0.0
,4683.33
,6000.0
,1422.56
,317.54
,923.29
,0.0
,0.0
,0.0
,0.0
,0.0
,5100.0
,3557.52
,1767.13
,0.0
,0.0
,0.0
,1954.7
,0.0
,0.0
,1580.62
,0.0
,3313.0
,0.0
,1041.45
,7000.0
,1580.62
,0.0
,0.0
,2423.61
,2778.33
,0.0
,515.69
,1159.12
,2318.24
,0.0
,0.0
,0.0
,493.15
,719.91
,0.0
,2396.82
,0.0
,0.0
,0.0
,0.0
,3472.71
,0.0
,2107.49
,0.0
,0.0
,307.04
,642.77
,0.0
,632.25
,2707.56
,0.0
,0.0
,798.37
,0.0
,651.34
,809.89
,2068.33
,519.62
,737.62
,4305.0
,4100.0
,0.0
,721.11
,0.0
,0.0
,0.0
,0.0
,0.0
,0.0
,352.0
,0.0
,0.0
,1685.99
,179.42
,3155.99
,0.0
,0.0
,0.0
,0.0
,0.0
,0.0
,395.29
,347.31
,0.0
,0.0
,4700.0
,0.0
,2571.14
,3625.0
,5625.0
,0.0
,3393.52
,867.23
,5583.33
,0.0
,0.0
,399.19
,2200.0
,0.0
,0.0
,0.0
,0.0
,0.0
,0.0
,2916.67
,0.0
,0.0
,2000.0
,5876.48
,2423.61
,6666.67
,0.0
,0.0
,1790.52
,0.0
,0.0
,4250.0
,0.0
,0.0
,0.0
,0.0
,286.22
,0.0
,0.0
,0.0
,3000.0
,321.99
,2107.49
,4400.0
,754.19
,3732.89
,0.0
,0.0
,0.0
,0.0
,0.0
,9000.0
,0.0
,3333.33
,0.0
,3277.36
,0.0
,0.0
,0.0
,737.62
,0.0
,0.0
,0.0
,1194.24
,2290.04
,0.0
,0.0
,0.0
,0.0
,626.98
,0.0
,0.0
,0.0
,2375.0
,0.0
,0.0
,0.0
,0.0
,4076.32
,1633.31
,0.0
,0.0
,0.0
,6117.78
,0.0
,0.0
,594.2
,3681.06
,0.0
,627.03
,0.0
,0.0
,0.0
,0.0
,1070.41
,0.0
,4636.48
,4500.0
,0.0
,1650.87
,0.0
,0.0
,0.0
,1194.24
,1400.45
,632.25
,0.0
,948.37
,0.0
,0.0
,0.0
,0.0
,895.68
,0.0
,0.0
,2400.0
,4166.67
,0.0
,1514.76
,5500.0
,1750.0
,1264.49
,3456.0
,4700.0
,0.0
,0.0
,0.0
,368.45
,0.0
,1565.0
,1053.75
,0.0
,0.0
,5000.0
,0.0
,3000.0
,0.0
,2149.33
,0.0
,5000.0
,792.3
,3261.87
,0.0
,788.81
,0.0
,1264.49
,2052.48
,0.0
,0.0
,1000.0
,578.02
,0.0
,0.0
,0.0
,0.0
,0.0
,0.0
,526.88
,0.0
,0.0
,0.0
,0.0
,0.0
,0.0
,0.0
,507.6
,1211.81
,5059.0
,0.0
,0.0
,5374.09
,3082.52
,0.0
,0.0
,2256.77
,0.0
,0.0
,0.0
,0.0
,3387.05
,0.0
,411.1
,1053.75
,1185.84
,843.0
,245.64
,606.78
,632.25
,0.0
,4743.36
,0.0
,1264.49
,0.0
,2223.45
,0.0
,0.0
,0.0
,0.0
,0.0
,0.0
,0.0
,1317.18
,0.0
,951.69
,0.0
,2766.96
,110.33
,3566.67
,3357.55
,611.17
,1126.87
,1501.59
,0.0
,2038.74
,2045.32
,0.0
,0.0
,0.0
,1721.12
,1475.24
,0.0
,0.0
,0.0
,532.07
,0.0
,0.0
,0.0
,0.0
,1159.12
,0.0
,3400.0
,0.0
,2000.0
,0.0
,2750.0
,0.0
,0.0
,4166.67
,2500.0
,0.0
,7500.0
,0.0
,0.0
,0.0
,0.0
,0.0
,0.0
,3500.0
,0.0
,0.0
,4249.33
,0.0
,1211.24
,7680.0
,1427.53
,0.0
,0.0
,0.0
,0.0
,2126.15
,6197.01
,3313.9
,0.0
,2950.49
,0.0
,321.6
,0.0
,3350.0
,3000.0
,614.09
,4800.0
,0.0
,1475.24
,0.0
,0.0
,0.0
,732.76
,1369.87
,0.0
,341.88
,0.0
,0.0
,0.0
,0.0
,0.0
,851.67
,3338.91
,0.0
,0.0
,2492.86
,6944.93
,0.0
,790.31
,2400.0
,0.0
,0.0
,0.0
,0.0
,0.0
,3088.12
,0.0
,4718.76
,0.0
,0.0
,0.0
,974.71
,0.0
,0.0
,1369.87
,0.0
,3500.0
,0.0
,0.0
,0.0
,0.0
,0.0
,0.0
,1778.76
,0.0
,0.0
,0.0
,0.0
,0.0
,0.0
,0.0
,2460.5
,0.0
,0.0
,908.43
,0.0
,0.0
,0.0
,0.0
,0.0
,1730.34
,0.0
,0.0
,0.0
,0.0
,0.0
,6410.7
,0.0
,0.0
,2816.37
,1599.0
,0.0
,1659.65
,0.0
,0.0
,0.0
,2650.36
,430.03
,1712.34
,0.0
,0.0
,0.0
,0.0
,0.0
,0.0
,0.0
,0.0
,899.88
,0.0
,2291.9
,0.0
,1334.07
,0.0
,0.0
,333.41
,628.03
,2572.75
,0.0
,0.0
,1014.19
,0.0
,0.0
,1211.81
,0.0
,0.0
,0.0
,0.0
,0.0
,0.0
,558.48
,0.0
,0.0
,0.0
,0.0
,0.0
,4816.67
,0.0
,0.0
,0.0
,0.0
,1824.34
,0.0
,2480.69
,0.0
,0.0
,0.0
,0.0
,4500.0
,0.0
,0.0
,0.0
,0.0
,221.81
,4083.33
,0.0
,0.0
,6410.7
,6139.69
,0.0
,0.0
,0.0
,0.0
,1264.49
,0.0
,634.46
,0.0
,0.0
,2218.66
,0.0
,1580.62
,2400.0
,744.65
,1028.44
,0.0
,0.0
,2038.74
,0.0
,0.0
,347.04
,3382.52
,0.0
,2568.77
,0.0
,0.0
,2000.0
,0.0
,0.0
,0.0
,2200.0
,0.0
,0.0
,773.9
,0.0
,0.0
,843.0
,0.0
,2100.0
,6527.92
,0.0
,111.76
,2500.0
,0.0
,0.0
,0.0
,5200.27
,5528.0
,0.0
,0.0
,1800.0
,0.0
,0.0
,0.0
,0.0
,0.0
,1593.61
,0.0
,3186.94
,0.0
,0.0
,0.0
,4800.0
,3211.65
,0.0
,0.0
,0.0
,0.0
,0.0
,0.0
,5400.0
,0.0
,0.0
,797.04
,1793.75
,245.64
,4538.0
,3833.33
,0.0
,0.0
,0.0
,0.0
,0.0
,0.0
,0.0
,0.0
,3333.33
,0.0
,0.0
,0.0
,1580.62
,0.0
,375.66
,0.0
,0.0
,0.0
,0.0
,0.0
,0.0
,2318.24
,0.0
,0.0
,2024.0
,5342.25
,1264.49
,2301.38
,0.0
,0.0
,365.79
,2468.93
,7479.15
,0.0
,0.0
,0.0
,0.0
,0.0
,0.0
,642.77
,0.0
,0.0
,3333.33
,3737.69
,0.0
,0.0
,0.0
,614.09
,5946.32
,3481.06
,0.0
,5663.16
,2480.51
,0.0
,0.0
,0.0
,0.0
,0.0
